surface_composition,facet,adsorbate,reaction_energy_eV
IrO2-rutile,100,OOH*,2.793070259999979
IrO2-rutile,110,OOH*,3.0037249399999837
subbridge--subsurface-Cr-doped-IrO2-rutile,110,OOH*,2.871901379999997
subcus--subsurface-Cr-doped-IrO2-rutile,110,OOH*,2.9950574499999902
surface-Cr-doped-IrO2-rutile,100,OOH*,3.887111080000011
surface-Cr-doped-IrO2-rutile,100,OOH*,3.0695296499999927
surface-Cr-doped-IrO2-rutile,100,OOH*,2.766562659999977
surface-Cr-doped-IrO2-rutile,110,OOH*,3.8246974599999817
surface-Cr-doped-IrO2-rutile,110,OOH*,3.021653409999942
IrO2-columbite-exp-strain,100,OOH*,2.9512001600000133
IrO2-columbite,100,OOH*,3.0673111800000186
IrO2-columbite,100,OOH*,3.0092138300000215
IrO2-columbite,101,OOH*,3.9255385999999817
IrO2-columbite,101,OOH*,3.0660820399999693
IrO2-columbite,101,OOH*,2.8957712700000116
IrO2-rutile-O-cov,100,OOH*,2.793070259999979
IrO2-rutile-O-cov,110,OOH*,3.0037249399999837
IrO2-rutile-OH-cov,100,OOH*,2.3617700699999773
IrO2-rutile-OH-cov,110,OOH*,2.1328585499999804
IrO3-alpha-O-cov,100,OOH*,4.190966989999993
IrO3-alpha-O-cov,110,OOH*,3.5820679599999607
IrO3-alpha-O-cov,111,OOH*,4.177191330000028
IrO3-alpha-O-cov,211,OOH*,4.122025399999984
IrO3-alpha-OH-cov,100,OOH*,4.253580230000011
IrO3-alpha-OH-cov,110,OOH*,3.7860831499999676
IrO3-beta-O-cov-A,010,OOH*,4.382854070000008
IrO3-beta-O-cov-B,010,OOH*,4.519122899999957
IrO3-rutile-O-cov-full,100,OOH*,4.381246840000017
IrO3-rutile-O-cov-full,110,OOH*,3.707764579999946
IrO3-rutile-O-cov-partial,100,OOH*,4.2751225600001135
IrO3-rutile-OH-cov,100,OOH*,4.43052914000009
Nd4Ru8O29,111,OOH*,3.9512198449999687
Gd7Ru8O31,111,OOH*,3.423374845000012
RuO3,111,OOH*,4.345631615000002
Bi2Ru2O7,111,OOH*,3.2240863449999893
Nd7Ru8O31,111,OOH*,3.380605375000016
Bi7Ru8O31,111,OOH*,3.44922734499994
Gd2Ru2O7,111,OOH*,3.2342228450000334
Y4Ru8O29,111,OOH*,4.2290916450000395
Gd4Ru8O29,111,OOH*,4.091975624999975
Y2Ru2O7,111,OOH*,3.2830686550000223
Bi4Ru8O29,111,OOH*,4.003591744999994
Nd2Ru2O7,111,OOH*,3.3060786550000216
Y7Ru8O31,111,OOH*,3.4110727250000537
Ni-HAB,001,OOH*,4.452591112458322
Ni-HAB,001,OOH*,3.7340438093779085
Cu-HAB,001,OOH*,4.212234785078181
IrO2-Anatase-SrIrO3,2ML,OOH*,3.19007053483
IrO2-Anatase,001,OOH*,3.1563344719
NiCo-MOF,100,OOH*,4.772535159999734
NiCo-MOF,100,OOH*,3.603048559999934
CuNi-MOF,100,OOH*,4.46554674999993
CuNi-MOF,100,OOH*,4.445927279999978
NiCu-MOF,100,OOH*,4.555045889999974
NiCu-MOF,100,OOH*,4.2248701099999835
CoCo-MOF,100,OOH*,4.073052409999946
CoCo-MOF,100,OOH*,3.8621766200001275
CuCo-MOF,100,OOH*,4.452313770000046
CuCo-MOF,100,OOH*,3.6653254400000606
CuCu-MOF,100,OOH*,4.477286939999885
CuCu-MOF,100,OOH*,4.273630259999891
CoNi-MOF,100,OOH*,3.8737897000000885
CoNi-MOF,100,OOH*,4.082041699999991
NiNi-MOF,100,OOH*,4.539567400000124
NiNi-MOF,100,OOH*,4.3826154800001405
CoCu-MOF,100,OOH*,4.192962410000064
CoCu-MOF,100,OOH*,4.3356736799999
CoN4C26-Δz=1.0Å-M,001,OOH*,2.4678608199999985
FeN4C26-Δz=0.4Å-M,001,OOH*,3.2166699100000073
MnN4C26-Δz=0.0Å-M,001,OOH*,3.3085696499999813
ZrN4C26-Δz=relaxed-M,001,OOH*,1.9919542500000489
MnN4C26-Δz=0.8Å-M,001,OOH*,3.060943619999989
CuN4C26-Δz=relaxed-M,001,OOH*,4.1493776699999785
TiN4C26-Δz=relaxed-M,001,OOH*,2.296692460000031
NiN4C26-Δz=0.2Å-M,001,OOH*,3.79339645999994
FeN4C26-Δz=0.6Å-M,001,OOH*,2.8828095899999653
HfN4C26-Δz=relaxed-M,001,OOH*,1.8388300199999321
NiN4C26-Δz=1.0Å-M,001,OOH*,2.6707026899999846
FeN4C26-Δz=1.0Å-M,001,OOH*,2.797588000000019
RuN4C26-Δz=relaxed-M,001,OOH*,2.395058010000014
CoN4C26-Δz=0.0Å-M,001,OOH*,3.8976851999999553
CoN4C26-Δz=0.2Å-M,001,OOH*,3.54280043
NiN4C26-Δz=0.8Å-M,001,OOH*,2.9286255499999925
NiN4C26-Δz=0.6Å-M,001,OOH*,3.1297731099999737
RhN4C26-Δz=relaxed-M,001,OOH*,3.3925872699999786
CoN4C26-Δz=0.4Å-M,001,OOH*,3.3457810900000027
FeN4C26-Δz=relaxed-M,001,OOH*,3.297266469999954
FeN4C26-Δz=0.0Å-M,001,OOH*,3.868989259999978
FeN4C26-Δz=1.2Å-M,001,OOH*,2.6918946700000106
MnN4C26-Δz=0.4Å-M,001,OOH*,2.846328299999982
MnN4C26-Δz=1.2Å-M,001,OOH*,2.9780956399999923
FeN4C26-Δz=0.2Å-M,001,OOH*,3.5824983100000054
CrN4C26-Δz=relaxed-M,001,OOH*,2.8495295700000156
NiN4C26-Δz=1.2Å-M,001,OOH*,2.4149640699999964
CoN4C26-Δz=0.6Å-M,001,OOH*,2.9341678300000353
IrN4C26-Δz=relaxed-M,001,OOH*,3.549608459999945
FeN4C26-Δz=0.8Å-M,001,OOH*,2.8949638299999947
NiN4C26-Δz=relaxed-M,001,OOH*,3.7999317999999676
NiN4C26-Δz=0.0Å-M,001,OOH*,4.1619845700000155
VN4C26-Δz=relaxed-M,001,OOH*,2.005098929999974
CoN4C26-Δz=relaxed-M,001,OOH*,3.6823260900000037
CoN4C26-Δz=1.2Å-M,001,OOH*,2.275675129999968
MnN4C26-Δz=0.6Å-M,001,OOH*,3.062393659999998
CoN4C26-Δz=0.8Å-M,001,OOH*,2.8744235599999683
PtN4C26-Δz=relaxed-M,001,OOH*,4.461053179999965
PdN4C26-Δz=relaxed-M,001,OOH*,4.399006789999987
NiN4C26-Δz=0.4Å-M,001,OOH*,3.3178788599999507
MnN4C26-Δz=0.2Å-M,001,OOH*,3.0230406000000585
MnN4C26-Δz=1.0Å-M,001,OOH*,3.0209005500000217
HEO-3-Mn3.0Zn2.0Cr3.0Fe2.0Co3.0Ni3.0,100,OOH*,3.3508797300000026
MnN4C26-Δz=relaxed-M,001,OOH*,3.0473122099999728
HEO-18-Fe3.0Zn2.0Cr3.0Mn2.0Co3.0Ni3.0,100,OOH*,4.471570060000005
HEO-19-Co3.0Zn2.0Cr3.0Mn3.0Fe3.0Ni2.0-Ni-site,100,OOH*,4.6231131700000105
HEO-19-Co3.0Zn2.0Cr3.0Mn3.0Fe3.0Ni2.0-Fe-site,100,OOH*,4.519260620000011
HEO-5-Fe3.0Zn2.0Cr3.0Mn3.0Co3.0Ni2.0,100,OOH*,3.8364722700000016
HEO-19-Co3.0Zn2.0Cr3.0Mn3.0Fe3.0Ni2.0-Mn-site,100,OOH*,4.165794450000021
HEO-8-Fe3.0Zn2.0Cr3.0Mn3.0Co2.0Ni3.0,100,OOH*,3.915553850000009
HEO-19-Co3.0Zn2.0Cr3.0Mn3.0Fe3.0Ni2.0-Co-site,100,OOH*,3.0792219399999965
HEO-44-Fe3.0Ni3.0Cr3.0Mn3.0Co2.0Zn2.0,100,OOH*,5.050162140000026
HEO-19-Co3.0Zn2.0Cr3.0Mn3.0Fe3.0Ni2.0-Cr-site,100,OOH*,4.001428870000012
HEO-43-Ni3.0Zn2.0Cr3.0Mn3.0Fe3.0Co2.0,100,OOH*,4.389600570000027
HEO-7-Ni3.0Zn2.0Cr3.0Mn3.0Fe2.0Co3.0,100,OOH*,3.6784196199999997
ReRuO2-alloy,110,OOH*,3.4979529700000285
RuO2,110,OOH*,3.523132540000006
ReRuO2-brg,110,OOH*,3.4054940799999827
RuO2-lattice+1%,110,OOH*,3.600476879999974
RuO2-lattice+2%,110,OOH*,3.640509409999993
PdO2,110,OOH*,3.77576461000001
IrPtO4-alloy-Ptsite,110,OOH*,3.5884152099999937
IrO2,110,OOH*,2.8770073599999932
OsO2,110,OOH*,2.7704707299999995
IrO2-Osdoped-surf,110,OOH*,2.3722653799999875
IrO2-Pddoped-subsurf,110,OOH*,3.05945590999994
IrPtO4-alloy-Irsite,110,OOH*,2.9234140699999784
IrO2-Pddoped-surf,110,OOH*,1.0626732700000048
IrO2-Osdoped-subsurf,110,OOH*,3.028956819999962
IrOsO4-alloy-Irsite,110,OOH*,3.0599052900000174
PtO2,110,OOH*,3.542628769999965
IrO2-Ptdoped-surf,110,OOH*,2.862021449999986
IrPdO4-alloy-Irsite,110,OOH*,3.3347766900000124
Ir5Pt3O16-alloy-Ptsite,110,OOH*,3.8920473499999844
Ir5Pt3O16-alloy-Irsite,110,OOH*,2.271299269999929
IrO2-Ptdoped-subsurf,110,OOH*,2.913339160000021
CuC39N15H21,active_site,OOH*,3.0686730699999316
CuC48N24H24,active_site,OOH*,3.1510608650000904
CuC39N15H21,active_site,OOH*,3.7307238150001467
CuC48N24H24,active_site,OOH*,2.3274844600000506
Al3Ir,111,OH*,-0.67385
Au3Hf,111,OH*,-1.81385
W15ZrO47,1,OH*,2.24930634
FeW15HO48,1,OH*,2.12481465
HfW15O47,1,OH*,1.29929107
Co3V,111,OH*,-0.55385
Rh3Sc,111,OH*,-0.63385
Cd3Y,111,OH*,-1.53385
Rh3Si,111,OH*,0.31615
Rh3Sn,111,OH*,0.55615
Pt3Zn,111,OH*,0.83615
Au3Pd,111,OH*,1.30615
Ni3Ga,111,OH*,0.53615
Sc3Hg,111,OH*,-2.69385
Hf3Sb,111,OH*,-2.18385
V3Al,111,OH*,-1.74385
Pb3Y,111,OH*,-1.32385
Ni3Si,111,OH*,0.07615
TaW15O47,1,OOH*,3.12919949
Ti3Zn,111,OH*,-2.48385
Ga3Ti,111,OH*,-0.30385
Li0.5CoO2,11-20,OOH*,3.451136305
Nb3Ge,111,OH*,-1.89385
Ag3Al,111,OH*,-0.55385
Pd3Y,111,OH*,-0.58385
Mn3Si,111,OH*,-0.58385
Ir3Nb,111,OH*,-0.58385
Co3Al,111,OH*,-0.23385
Ir3Y,111,OH*,-0.47385
Ru3Nb,111,OH*,-0.56385
LiCoO2,0001,OH*,-2.65967971
LiCoO2,10-14,OH*,0.975509785
Li0.5CoO2,10-14,OH*,1.183650625
IrO2-Anatase,001,OH*,0.185537563593
IrO2-sheets-SrIrO3,2ML,OOH*,3.1038837789
Li0.5CoO2,10-14,OOH*,4.113933425
IrO2-Rutile,100,OH*,0.14391836241
Hf3Au,111,OH*,-2.34385
Nb3Al,111,OH*,-1.76385
Bi3Y,111,OH*,-1.14385
Al3Ru,111,OH*,-1.14385
Ir3Ga,111,OH*,0.51615
Al3Hf,111,OH*,-0.66385
MoW15O48,1,OH*,2.15319344
Pd3Zr,111,OH*,-1.11385
LiCoO2,11-20,OH*,0.820322605
FeP,011,OH*,-0.378993572209
IrO2-Rutile,100,OOH*,3.16828373939
Ti3As,111,OH*,-2.36385
Ag3Zn,111,OH*,0.29615
Cd3Rh,111,OH*,0.30615
Sc3Zn,111,OH*,-2.71385
Sc3Si,111,OH*,-2.65385
Fe2P,100,OH*,-0.237338788895
La3Ge,111,OH*,-2.09385
V3Ir,111,OH*,-2.04385
La3Si,111,OH*,-2.06385
NbW15O47,1,OH*,1.24225245
NbW15HO48,1,OH*,1.99906416
NbW15O47,1,OH*,-0.20279792
Pd3Pb,111,OH*,0.68615
In3La,111,OH*,-1.00385
Sc3Bi,111,OH*,-2.65385
In3Y,111,OH*,-0.91385
Sc3Ga,111,OH*,-2.70385
Ru3Zr,111,OH*,-0.75385
Ag3Ga,111,OH*,0.23615
Al3Ti,111,OH*,-0.66385
Fe0.5Co0.5P,101,OH*,-0.776628711923
Al3Nb,111,OH*,-0.49385
Cu3Au,111,OH*,0.34615
Li0.5CoO2,01-12,OOH*,2.922713115
Pd3Fe,111,OH*,0.19615
NbW15HO48,1,OOH*,4.23044227
Ir3Mo,111,OH*,-0.04385
Zn3Pd,111,OH*,0.02615
Zr3As,111,OH*,-2.34385
VW15O47,1,OOH*,2.98772812
VW15O47,1,OOH*,4.4570798
VW15HO48,1,OOH*,4.62980601
NiW15HO48,1,OH*,3.5389104
MnW15O47,1,OH*,1.02856904
VW15HO48,1,OOH*,3.91859627
FeW15HO48,1,OOH*,3.63488575
MnW15O47,1,OH*,1.9056649
VW15O48,1,OOH*,4.62225969
VW15O48,1,OOH*,4.31696379
MnW15O48,1,OH*,0.81860352
NiW15HO48,1,OH*,2.11005416
MnW15HO48,1,OH*,1.66589779
La3Zn,111,OH*,-1.96385
V3Si,111,OH*,-1.90385
MnW15O48,1,OH*,1.6320477
MnW15HO48,1,OH*,0.78880193
V3Ge,111,OH*,-1.89385
MnW15O47,1,OOH*,3.20841363
CrW15O47,1,OH*,0.08199585
NiW15HO48,1,OOH*,6.83661743
MnW15O47,1,OOH*,5.02577612
MnW15HO48,1,OOH*,5.22550736
MnW15HO48,1,OOH*,4.27730851
NiW15O47,1,OH*,0.35855292
MnW15O48,1,OOH*,4.13877893
CeW15O47,1,OH*,2.3669256
Al3Zr,111,OH*,-0.63385
W15ZrO47,1,OOH*,4.57174941
NiW15O47,1,OH*,1.78740916
NiW15O48,1,OH*,4.09628288
NiW15O48,1,OH*,2.26519193
CrW15O48,1,OH*,1.05280078
Y3Pb,111,OH*,-2.57385
Y3Si,111,OH*,-2.56385
TiW15O47,1,OH*,2.08077175
NiW15O47,1,OOH*,4.62731942
Ti3Pt,111,OH*,-2.56385
Y3Sb,111,OH*,-2.52385
NiW15O47,1,OOH*,6.22115992
NiW15O48,1,OOH*,3.94242432
NiW15HO48,1,OOH*,4.60970533
CrW15O47,1,OH*,1.6148678
CeW15O47,1,OH*,2.30963594
NiW15O48,1,OOH*,2.39439871
Al3Mo,111,OH*,-0.71385
Fe3Ge,111,OH*,-0.32385
W15ZrO48,1,OH*,1.35047324
CeW15HO48,1,OH*,2.16822414
CeW15O47,1,OOH*,4.20406222
CeW15O48,1,OH*,2.34904743
CeW15O48,1,OH*,3.45447859
CeW15O47,1,OOH*,4.93862273
CeW15O48,1,OOH*,6.11062182
CeW15O48,1,OOH*,4.54005878
CrW15HO48,1,OH*,2.01782466
CrW15HO48,1,OOH*,4.67257291
Zn3Rh,111,OH*,0.02615
CrW15HO48,1,OH*,0.48495271
CrW15O48,1,OH*,2.37857495
TiW15O47,1,OOH*,4.21708156
FeW15O47,1,OH*,0.75969116
CrW15O47,1,OOH*,4.42093317
CrW15O47,1,OOH*,3.50530105
FeW15O47,1,OH*,0.16656842
MoW15O47,1,OOH*,2.9375501
CrW15HO48,1,OOH*,4.03565616
W15ZrO47,1,OH*,1.42915966
CrW15O48,1,OOH*,4.60937785
CrW15O48,1,OOH*,4.57390918
W15ZrHO48,1,OH*,0.53252676
W15ZrO48,1,OH*,2.21521036
W15ZrHO48,1,OOH*,4.56030656
Ag3Y,111,OH*,-1.68385
W15ZrO48,1,OOH*,4.73890055
W15ZrO47,1,OOH*,4.70861794
Li0.5CoO2,11-20,OH*,0.476573925
W15ZrHO48,1,OOH*,4.58994537
W15ZrO48,1,OOH*,4.53141507
FeW15O48,1,OH*,3.79649192
FeW15O48,1,OOH*,5.9592916
FeW15O47,1,OOH*,3.61273976
TiW15O47,1,OH*,0.86548719
Zr3Zn,111,OH*,-2.30385
FeW15O48,1,OOH*,1.70789214
FeW15O47,1,OOH*,3.32687284
Pd3Cu,111,OH*,0.84615
TiW15HO48,1,OH*,2.04624797
TiW15O48,1,OH*,2.09310643
TiW15HO48,1,OH*,0.83096341
TiW15O48,1,OH*,0.89549882
TiW15HO48,1,OOH*,4.59087378
Nb3Si,111,OH*,-1.88385
TiW15HO48,1,OOH*,4.23089723
Ni3As,111,OH*,0.20615
Pd3Cd,111,OH*,0.91615
Cu3Pd,111,OH*,0.20615
Pd3Sb,111,OH*,0.44615
Li0.5CoO2,01-12,OH*,0.229174985
Cd3Zr,111,OH*,-1.90385
IrO3-SrIrO3,3ML,OOH*,4.09904106964
mildly reduced graphene oxide,monolayer,OOH*,3.62602325035
SrIrO3,001,OOH*,3.11685333728
Ti3Si,111,OH*,-2.19385
Pt3La,111,OH*,-0.40385
Ir3Re,111,OH*,-0.56385
La3Bi,111,OH*,-2.20385
Rh3Al,111,OH*,-0.00385
Ti3Sn,111,OH*,-2.20385
Pt3Cu,111,OH*,0.89615
La3Cd,111,OH*,-2.02385
La3Ga,111,OH*,-2.01385
NbW15O48,1,OH*,-0.00595773
La3Sn,111,OH*,-2.13385
NbW15O48,1,OH*,2.27994453
NbW15O47,1,OOH*,3.21329313
Co3Ir,111,OH*,-0.06385
Pt3Mo,111,OH*,-0.40385
Cd3Pt,111,OH*,0.24615
Pb3Sc,111,OH*,-1.33385
Nb3Ga,111,OH*,-1.80385
La3Sb,111,OH*,-2.19385
NbW15O47,1,OOH*,4.46752064
NbW15HO48,1,OOH*,4.55424807
NbW15O48,1,OOH*,4.55261329
TiW15O47,1,OOH*,4.58855445
NbW15O48,1,OOH*,4.34724284
TaW15O47,1,OH*,0.91061025
TaW15O47,1,OH*,-0.28790338
FeW15HO48,1,OOH*,4.57658821
IrO2,110,OOH*,2.54138172804
TaW15HO48,1,OH*,0.7920404
TaW15O48,1,OH*,2.10278029
Ru3V,111,OH*,-0.47385
TaW15O48,1,OH*,0.48733673
Re3Rh,111,OH*,-0.93385
Rh3Ta,111,OH*,-1.22385
Zn3Ta,111,OH*,-1.81385
Al3V,111,OH*,-0.45385
Rh3In,111,OH*,0.54615
TaW15O47,1,OOH*,4.33735049
TaW15HO48,1,OOH*,4.80885986
Ir3La,111,OH*,-0.44385
TaW15HO48,1,OOH*,4.25472763
TaW15O48,1,OOH*,4.80269361
Pd3Tl,111,OH*,0.88615
TaW15O48,1,OOH*,3.84661689
VW15O47,1,OH*,1.27973934
Ir3Fe,111,OH*,0.46615
VW15HO48,1,OH*,2.07744699
Sn3Zr,111,OH*,-1.16385
Bi3Sc,111,OH*,-1.21385
Mo3Pt,111,OH*,-1.18385
VW15O47,1,OH*,-0.48067592
Hf3Ge,111,OH*,-2.11385
Ga3Hf,111,OH*,-0.67385
mildly reduced graphene oxide,monolayer,OH*,0.136738366364
Fe3Al,111,OH*,-0.43385
VW15O48,1,OH*,2.27934912
VW15HO48,1,OH*,0.31703173
Co2P,101,OH*,-0.289118789246
Ga3Zr,111,OH*,-0.41385
Cd3Au,111,OH*,0.29615
Tl3Bi,111,OH*,0.39615
Rh3Ge,111,OH*,0.48615
Ir3Ru,111,OH*,0.49615
Ag3In,111,OH*,0.50615
Ag3Au,111,OH*,0.81615
Ga3Sc,111,OH*,-0.61385
Ir3Ti,111,OH*,-0.60385
Sc3Cd,111,OH*,-2.74385
Sc3In,111,OH*,-2.71385
Ti3In,111,OH*,-2.31385
Rh3Fe,111,OH*,0.18615
Co3Pd,111,OH*,-0.12385
Ru3Ir,111,OH*,0.08615
Zn3Mo,111,OH*,-0.30385
La3Tl,111,OH*,-2.11385
Co3Zr,111,OH*,-1.74385
Au3Zn,111,OH*,0.72615
V3Sb,111,OH*,-1.70385
Pt3Ta,111,OH*,-1.42385
Zr3Au,111,OH*,-2.31385
Re3Pt,111,OH*,-1.06385
Pt3Al,111,OH*,0.07615
Sn3Y,111,OH*,-1.06385
Ni3Hf,111,OH*,-1.04385
Ni3Zr,111,OH*,-0.95385
Pd3V,111,OH*,-0.88385
Pd3Ti,111,OH*,-0.94385
Pt3Cd,111,OH*,0.87615
Ge3Y,111,OH*,-0.88385
Y3Al,111,OH*,-2.61385
Co3Ti,111,OH*,-0.85385
MnW15O48,1,OOH*,5.15405963
Ni3Sn,111,OH*,0.19615
CeW15HO48,1,OH*,2.11093448
WO3,1,OH*,0.75070648
FeW15O48,1,OH*,1.37558845
Bi3La,111,OH*,-1.09385
Hf3Si,111,OH*,-2.12385
Fe3V,111,OH*,-0.99385
Zn3Au,111,OH*,-0.02385
Rh3Hf,111,OH*,-0.88385
Rh3Ti,111,OH*,-0.75385
Co3Ga,111,OH*,0.55615
Cd3Sc,111,OH*,-1.50385
Au3In,111,OH*,0.69615
Co3Si,111,OH*,0.06615
Rh3Y,111,OH*,-0.69385
Cd3Pd,111,OH*,0.37615
Pd3Zn,111,OH*,0.76615
V3As,111,OH*,-2.00385
Ni2P,001,OH*,0.146892090608
Zr3Al,111,OH*,-2.21385
Ti3Ge,111,OH*,-2.34385
Pt3Nb,111,OH*,-1.06385
VW15O48,1,OH*,0.77527626
Ni3Al,111,OH*,-0.19385
Rh3Nb,111,OH*,-0.85385
Rh3V,111,OH*,-0.63385
Ru3Ti,111,OH*,-0.62385
Co3Pt,111,OH*,-0.10385
Al3Au,111,OH*,-0.91385
W16HO48,1,OH*,0.2596299
Co3Hf,111,OH*,-0.88385
Pt3Sc,111,OH*,-0.36385
Ir3Ta,111,OH*,-0.80385
TaW15HO48,1,OH*,1.99055403
Au3Sc,111,OH*,-1.29385
Pt3Sn,111,OH*,0.74615
FeW15HO48,1,OH*,1.53169191
Pt,111,OH*,0.14138492000000724
IrO2-rutile,100,OH*,-0.060922169999969356
IrO2-rutile,110,OH*,-0.10765132000000222
subbridge--subsurface-Cr-doped-IrO2-rutile,110,OH*,-0.25841875999998365
subcus--subsurface-Cr-doped-IrO2-rutile,110,OH*,-0.12574293000000125
surface-Cr-doped-IrO2-rutile,100,OH*,0.9018750700000169
surface-Cr-doped-IrO2-rutile,100,OH*,-0.07236922999999251
surface-Cr-doped-IrO2-rutile,100,OH*,-0.09297505999995792
surface-Cr-doped-IrO2-rutile,110,OH*,0.8053496300000234
surface-Cr-doped-IrO2-rutile,110,OH*,-0.14040893000003507
Cu,100,OH*,0.073232980161265
Cu,100,OH*,-0.04353678748884704
Cu,100,OH*,0.7251229342800798
Cu,111,OH*,0.06726749625522643
Cu,511,OH*,0.1108368013301515
Cu,511,OH*,0.5108310320720193
Cu,511,OH*,0.00683121413749177
Cu,511,OH*,0.1538769130129367
Cu,310,OH*,0.07665018588886596
Cu,310,OH*,-0.2032851010444574
Cu,310,OH*,0.59717853924667
Cu,211,OH*,-0.2617446120857494
Cu,100,OH*,0.008391651004785672
Cu,100,OH*,-0.1477134662491153
Cu,111,OH*,-0.02358390334120486
Cu,100,OH*,0.751642197748879
Cu,111,OH*,0.005773167453298811
Cu,111,OH*,0.029459793760906905
Cu,511,OH*,0.5011473164777271
Cu,100,OH*,0.036638837431382854
Cu,511,OH*,0.003046926809474826
Cu,100,OH*,-0.10397395395557396
Cu,511,OH*,0.2468162421573652
Cu,511,OH*,0.14760346424009185
Cu,100,OH*,0.7457319529494271
Cu,310,OH*,0.07000938343117014
Cu,511,OH*,0.09335593545984011
Cu,310,OH*,0.6146419218057417
Cu,310,OH*,-0.2179921063434449
Cu,211,OH*,-0.25866673233394977
Cu,111,OH*,-0.06853241747739958
Cu,511,OH*,0.1383731583264307
Cu,511,OH*,0.49759364563942654
Cu,310,OH*,0.06028097312810132
Cu,511,OH*,0.07484675134037388
Cu,511,OH*,0.4937016692565521
Cu,310,OH*,-0.233162181400985
Cu,511,OH*,-0.009921679171384312
Cu,310,OH*,0.6309994336697855
Cu,511,OH*,0.2367995272288681
Cu,111,OH*,0.05260715845361119
Cu,211,OH*,-0.25856611822382547
Cu,100,OH*,0.750110604953079
Cu,100,OH*,0.061619093001354486
Cu,100,OH*,-0.06317789718013955
Cu,100,OH*,0.02302770263486309
Rh3Ru,111,OH*,0.13304434697863599
Rh3Ru,111,OH*,0.501502267180399
RhRu,101,OH*,0.6088928098805582
RhRu,101,OH*,0.3164863538812597
Pd3Au,111,OH*,0.8327161021815073
Rh3Cu,111,OH*,0.4619003156811914
RhRu,101,OH*,0.1927205444816309
RhRu,101,OH*,0.514183044179731
Ru3Ag,111,OH*,-0.09264877561793128
Ru3Ag,111,OH*,-0.4268501485158822
Ru3Ag,111,OH*,1.2385160683815002
Ru3Au,111,OH*,-0.2242574500188539
Ru3Au,111,OH*,0.3489910321812886
Pd3Bi,111,OH*,0.8864630752804032
Ru3Bi,111,OH*,0.22294327617862564
Ru3Bi,111,OH*,0.831991463078225
Ru3Cu,111,OH*,0.034029196180995314
Ru3Cu,111,OH*,-0.059266802224669846
Ru3Cu,111,OH*,0.22722675617558252
Ru3Pd,111,OH*,-0.07095327531999374
Ru3Pd,111,OH*,-0.28918884601728223
Ru3Pd,111,OH*,0.2634866054803524
Ru3Pt,111,OH*,0.6336222434773617
Ru3Pt,111,OH*,0.033526601779954035
Ru3Pt,111,OH*,-0.008317295519304935
Ru3Pt,111,OH*,0.6544854835818796
Ru3Pt,111,OH*,1.376012742076341
Ru3Re,111,OH*,0.31840924628056655
Ru3Re,111,OH*,-0.28639559741998255
Ru3Re,111,OH*,0.3099635130791967
Ru3Rh,111,OH*,-0.15304797952114768
Ru3Rh,111,OH*,0.21267342777798603
Ru3Rh,111,OH*,-0.040631494120248135
Ru3Rh,111,OH*,1.0375386376771303
Pd3Bi,111,OH*,0.9138495643791202
Ru3Cu,111,OH*,-0.2243790848252729
Ru3Cu,111,OH*,-0.30961847261926323
Ru3Cu,111,OH*,0.722586053478949
Ru3Cu,111,OH*,1.6020136254782074
Ru3Pd,111,OH*,-0.19054608281942365
Ru3Pd,111,OH*,1.4124023896810058
Ru3Pt,111,OH*,-0.2557249664233723
Ru3Pt,111,OH*,0.31872204117905767
Ru3Re,111,OH*,-0.33002728272106197
Ru3Re,111,OH*,-0.038037024721347734
Ru3Re,111,OH*,-0.32869719032089506
Ru3Re,111,OH*,-0.03634393242020906
Ru3Rh,111,OH*,0.01916007967963651
Ru3Rh,111,OH*,-0.2083917165210778
Ru3Rh,111,OH*,0.25379676777890836
Pd3Bi,111,OH*,0.7863245023808076
Pd3Bi,111,OH*,0.7348533534794797
Pd3Bi,111,OH*,0.8298280220814149
Pd3Bi,111,OH*,1.0949439090808255
Ru3Bi,111,OH*,0.04038182977899396
Pd3Au,111,OH*,1.9679675539817936
Pd3Bi,111,OH*,0.6499966936797819
Rh3Pd,111,OH*,0.2548352901802673
Rh3Pd,111,OH*,0.4194579038784241
Rh3Pt,111,OH*,0.2500912574804488
Rh3Pt,111,OH*,0.5302562643781812
Rh3Pt,111,OH*,0.4778138050795633
Pd3Cu,111,OH*,0.7225697265793087
Rh3Pt,111,OH*,1.4037521627805063
Rh3Re,111,OH*,0.6894809559788655
Pd3Cu,111,OH*,0.8793033519804112
Rh3Ru,111,OH*,0.037768176281019805
Rh3Ru,111,OH*,0.5042632701814682
Rh3Ru,111,OH*,0.2047670241817059
Rh3Ru,111,OH*,0.5775549557810109
RhRu,101,OH*,-0.17406673272046191
RhRu,101,OH*,0.3208095624803491
RhRu,101,OH*,0.1687962957811351
Ru3Ag,111,OH*,-0.32436214472102165
Pd3Cu,111,OH*,0.7205722749757797
Ru3Au,111,OH*,-0.2675390608193311
Ru3Au,111,OH*,1.1816225069823076
Ru3Au,111,OH*,2.322820190381094
Ru3Bi,111,OH*,-0.027633160319169292
Ru3Bi,111,OH*,0.2975149851816923
Pd3Bi,111,OH*,0.6543264330802003
Pd3Cu,111,OH*,0.5139118826745062
Ru3Bi,111,OH*,-0.1105669276213348
Pd3Cu,111,OH*,0.9023259514768824
Pd3Cu,111,OH*,0.6355696261788353
Pd3Cu,111,OH*,1.422551011380051
Pd3Pt,111,OH*,1.061240705382147
Pd3Pt,111,OH*,0.6432984754836752
Pd3Pt,111,OH*,0.6798258126844985
Pd3Pt,111,OH*,0.8296804002792442
Pd3Pt,111,OH*,0.983303084180875
Pd3Pt,111,OH*,1.1629371299831064
Pd3Re,111,OH*,1.0476807285784844
Pd3Pt,111,OH*,1.5599165260836116
Pd3Re,111,OH*,-0.8605521234195521
Pd3Pt,111,OH*,0.5973369514803153
Pd3Rh,111,OH*,0.35772030807936517
Pd3Re,111,OH*,0.8434138496785408
Pd3Re,111,OH*,1.336622359079115
Pd3Rh,111,OH*,0.8684132200768317
Pd3Rh,111,OH*,0.702298334076545
Pd3Rh,111,OH*,1.3304053742766655
Pd3Rh,111,OH*,0.9396128944798647
Pd3Rh,111,OH*,0.3347258723778168
Pd3Rh,111,OH*,0.6951865028794373
Pd3Ru,111,OH*,0.7379434781768168
Pd3Rh,111,OH*,0.8712648370791385
Pd3Ru,111,OH*,1.0627079431804987
Pd3Ru,111,OH*,1.003050521482578
PdPt,101,OH*,0.6116314996805841
Pd3Ru,111,OH*,0.9105782117775334
Pd3Ru,111,OH*,-0.06979583912391263
PdPt,101,OH*,0.7416560633763538
PdPt,101,OH*,0.8323257549826621
PdPt,101,OH*,0.6920063084806998
PdPt,101,OH*,0.9649159439767345
PdPt,101,OH*,0.6846094379769738
PdPt,101,OH*,0.6193830705786922
PdRe,101,OH*,-0.09949828901801538
PdRe,101,OH*,-0.8315318628184514
Sn,111,OH*,0.28114897048078547
PdRe,101,OH*,-0.5341628666202496
PdRh,101,OH*,0.4334650997778908
Sn,111,OH*,0.18493291857964778
PdRh,101,OH*,0.1698514171774832
PdRh,101,OH*,0.5201536298781093
PdRh,101,OH*,0.8361594307797304
PdRh,101,OH*,0.3868857413807518
Pd,111,OH*,0.6588979455781327
PdRh,101,OH*,0.39370287328063114
Sn,111,OH*,0.2655656911782671
Pd,111,OH*,0.7836409157833941
PdRu,101,OH*,-0.2792082546176289
PdRu,101,OH*,0.9257274694799662
PdRu,101,OH*,0.8833458751804528
Pt3Ag,111,OH*,0.5567563426783408
IrRe,101,OH*,0.7446038725801145
Pt3Ag,111,OH*,1.515758436577812
Pd,111,OH*,1.4289848709821626
Pt3Ag,111,OH*,1.007923128080506
PdRu,101,OH*,0.10417510958075127
Ag3Ir,111,OH*,1.1868364803784743
Pt3Ag,111,OH*,1.002783305780099
Mn,111,OH*,-2.3327796930271916
Os3Ag,111,OH*,-0.00545914781389456
Pt3Ag,111,OH*,0.6929972109836626
Pt3Au,111,OH*,1.1704047500796833
Pt3Ag,111,OH*,2.1001797769830546
Os3Bi,111,OH*,0.1630525169792918
Os3Cu,111,OH*,0.2834770403759421
Os3Pd,111,OH*,0.20438252728206407
Pt3Au,111,OH*,1.02949141508077
Ag3Os,111,OH*,1.2261301267834597
Os3Au,111,OH*,0.06203419997916626
OsRu,101,OH*,0.1712294017787599
Os3Pt,111,OH*,0.32095650397684494
Pd3Os,111,OH*,1.2323790849776515
Pt3Au,111,OH*,0.7544422844811152
Os3Re,111,OH*,0.1745255165777735
Os3Rh,111,OH*,0.36358191227998304
OsRe,101,OH*,0.12087283108201063
Pt3Au,111,OH*,1.4439539892781568
Os3Re,111,OH*,0.39529827677768026
Os3Ru,111,OH*,0.41820128228289377
OsRe,101,OH*,-0.2189008891210733
Pt3Bi,111,OH*,0.5845314103834198
Ag3Tc,111,OH*,1.1675721811815265
Pt3Os,111,OH*,1.6536743015793718
Pt3Tc,111,OH*,1.63458755668114
Pt3Zn,111,OH*,1.06047062317964
Pt3Zn,111,OH*,0.8346751857797017
Re3Os,111,OH*,-0.5568792021214222
Re3Os,111,OH*,-0.17382536781872204
Pt3Bi,111,OH*,0.9021195531794319
Pt3Bi,111,OH*,0.5014633548825032
Re3Tc,111,OH*,-0.5868451943198352
Re3Tc,111,OH*,-0.6010211008207307
Re3Zn,111,OH*,-0.7407965918201853
ReTc,101,OH*,-0.6652319393170956
Rh3Ir,111,OH*,0.5510463058825508
Rh3Os,111,OH*,0.6602515758794425
Pt3Bi,111,OH*,1.4219828376780015
ReTc,101,OH*,-0.6700844094185641
Rh3Os,111,OH*,0.5652411242780317
Pt3Bi,111,OH*,1.2004327843795863
Ag3Zn,111,OH*,0.6672993241853646
Pt3Bi,111,OH*,0.9449740813842027
Ag3Zn,111,OH*,0.17811007218267605
RhZn,101,OH*,0.28852461608482827
RhZn,101,OH*,0.3607953304789362
RhZn,101,OH*,0.23501315758483088
RhZn,101,OH*,0.9942817891832192
Pt3Bi,111,OH*,0.6403584215776164
Rh3Tc,111,OH*,0.5674447021782498
Rh3Tc,111,OH*,-0.05650062902270747
Rh3Zn,111,OH*,0.2438661092791108
RhZn,101,OH*,0.5521127199798457
RhZn,101,OH*,0.26275706827880185
RhZn,101,OH*,1.0201292024838722
Ru3Ir,111,OH*,0.11698323587995674
HfRh-bcc,101-5%,OH*,-1.7873007001326187
HfRu-bcc,101,OH*,-1.5729837047547335
HfRu-bcc,101,OH*,-0.29434513110027183
HfRu-bcc,101,OH*,-1.3316678464179859
HfRu-bcc,101,OH*,0.5838324859651038
HfRu-bcc,101,OH*,-1.7993771122928592
HfRu-bcc,101+3%,OH*,-1.8545413902393193
GaRh-bcc,101+8%,OH*,0.16279822654178133
HfRu-bcc,101+5%,OH*,-1.878123727889033
HfRu-bcc,101-3%,OH*,-1.7348113012340036
HfRu-bcc,101-5%,OH*,-1.6878728885785677
In3Sc-fcc,111,OH*,0.746217643692944
In3Sc-fcc,111,OH*,0.5183593112960807
In3Sc-fcc,111,OH*,-0.961600100807118
In3Sc-fcc,111+3%,OH*,-1.1146810061036376
GaRh-bcc,101-1%,OH*,0.5382404925767332
In3Sc-fcc,111+5%,OH*,-1.2222466541279573
In3Sc-fcc,111-3%,OH*,-0.8311404270789353
In3Sc-fcc,111-5%,OH*,-0.7727125518140383
GaRh-bcc,101-2%,OH*,0.5663506684577442
GaRh-bcc,101-3%,OH*,0.5892573474484379
In3Y-fcc,111,OH*,0.7799016633798601
In3Y-fcc,111,OH*,-0.9299218322194065
In3Y-fcc,111+3%,OH*,-1.0942648490236024
In3Y-fcc,111+5%,OH*,-1.214613180665765
In3Y-fcc,111-3%,OH*,-0.7872084641749097
In3Y-fcc,111-5%,OH*,-0.7289854906230175
GaRh-bcc,101-5%,OH*,0.4565662041932228
InPd-bcc,101,OH*,0.3522279623466602
InPd-bcc,101+2%,OH*,0.36726538124639774
InPd-bcc,101+5%,OH*,0.35032751930339145
InPd-bcc,101+8%,OH*,0.264062398342503
InPd-bcc,101-1%,OH*,0.33227535118930973
InPd-bcc,101-2%,OH*,0.302498886223475
InPd-bcc,101-3%,OH*,0.273912647189718
InRh-bcc,101,OH*,0.4334923112473916
InRh-bcc,101+2%,OH*,0.33637705913133686
InRh-bcc,101+5%,OH*,0.19633135910407873
InRh-bcc,101+8%,OH*,0.0470171896085958
InRh-bcc,101-1%,OH*,0.4759749958466273
InRh-bcc,101-2%,OH*,0.5214916136901593
InRh-bcc,101-3%,OH*,0.5645420638247742
InRh-bcc,101-5%,OH*,0.6407570683295489
Ir-fcc,111,OH*,0.7625588960436289
Ir-fcc,111,OH*,0.9813114830540144
Ir-fcc,111,OH*,1.2944463468302274
Ir-fcc,111+2%,OH*,0.6367968595732236
Ir-fcc,111+5%,OH*,0.45133263873140095
Ir-fcc,111+8%,OH*,0.06256550224497914
Ir-fcc,111-1%,OH*,0.8207010517799063
Ir-fcc,111-2%,OH*,0.8731197010783944
Ir-fcc,111-3%,OH*,0.9185403988085454
Ir-fcc,111-5%,OH*,0.9716775647102622
Hf-hcp,0001,OH*,-2.5439086025835422
Ir3Ti-fcc,111,OH*,1.0301624478233862
Ir3Ti-fcc,111,OH*,-0.5640876337056397
Ir3Ti-fcc,111,OH*,0.5041925206314772
Ir3Ti-fcc,111,OH*,0.2502028241942753
Ir3Ti-fcc,111,OH*,-0.6679413768579252
Ir3Ti-fcc,111+3%,OH*,-0.7177854210822261
Ir3Ti-fcc,111+5%,OH*,-0.5051304970256751
Ir3Ti-fcc,111-3%,OH*,-0.6984420728040277
Hf-hcp,0001,OH*,-2.2493015619111247
Hf-hcp,0001,OH*,-1.4069435139426787
HfOs-bcc,101,OH*,-1.3349453215414542
Ir3Zr-fcc,111,OH*,1.5919078616716433
Ir3Zr-fcc,111,OH*,-0.6640023929867311
Ir3Zr-fcc,111,OH*,0.5434314722224372
Ir3Zr-fcc,111,OH*,-0.7779692469484871
Ir3Zr-fcc,111+3%,OH*,-0.790205117824371
Ir3Zr-fcc,111+5%,OH*,-0.4931041538147838
Ir3Zr-fcc,111-3%,OH*,-0.8677495344745694
Ir3Zr-fcc,111-5%,OH*,-1.0622618125707959
MgPd-bcc,101,OH*,-0.8857851036482316
MgPd-bcc,101,OH*,0.42510889203913393
MgPd-bcc,101,OH*,0.06015280489009456
MgPd-bcc,101,OH*,1.150114037496678
MgPd-bcc,101,OH*,-0.9064759596549266
MgPd-bcc,101,OH*,-0.13097764241319965
MgRh-bcc,101,OH*,-0.7831059398813522
MgRh-bcc,101,OH*,-0.07375427905935794
MgRh-bcc,101,OH*,0.33881138953438494
MgRh-bcc,101,OH*,0.6809707316788263
MgRh-bcc,101,OH*,-0.8411388419117429
MgRh-bcc,101,OH*,-0.32177556661190465
MgSc-bcc,101,OH*,-1.3102130308070628
MgSc-bcc,101,OH*,-2.384885003160889
MgSc-bcc,101,OH*,-1.5060182578054082
MgSc-bcc,101,OH*,-1.704773879093409
MgSc-bcc,101,OH*,-2.438056047234568
HfOs-bcc,101,OH*,-0.020277379029721487
MnV-bcc,101,OH*,-1.0578093498770613
MnV-bcc,101,OH*,-1.4300048896548105
MnV-bcc,101,OH*,-0.028656308350036852
MnV-bcc,101,OH*,-0.8584358941225219
MnV-bcc,101,OH*,-1.1703697834673221
MnV-bcc,101,OH*,-1.606966097264376
MnV-bcc,101+3%,OH*,-1.659061339283653
MnV-bcc,101+5%,OH*,-1.6713048293313477
MnV-bcc,101-3%,OH*,-1.5169466216830187
MnV-bcc,101-5%,OH*,-1.4530702110205311
HfOs-bcc,101,OH*,-1.1010300072157406
HfOs-bcc,101,OH*,0.5578159539581975
HfOs-bcc,101,OH*,-1.6723399503753171
Mo-bcc,110,OH*,-1.1770971178484615
Mo-bcc,110,OH*,-0.8634187066745653
Mo-bcc,110,OH*,-0.5222823765070643
Mo-bcc,110,OH*,-0.9357626197052014
HfOs-bcc,101+3%,OH*,-1.7671780178279732
Nb-bcc,110,OH*,-1.8036431770015042
Nb-bcc,110,OH*,-1.742747365275136
Nb-bcc,110,OH*,-0.7956264418244245
Nb-bcc,110,OH*,-1.4159439512732206
Nb-bcc,110+2%,OH*,-1.8346176231461868
Nb-bcc,110+5%,OH*,-1.83146981025493
HfOs-bcc,101+5%,OH*,-1.8242348475250765
Nb-bcc,110-2%,OH*,-1.7582936370527023
Nb-bcc,110-5%,OH*,-1.6643925936041342
HfOs-bcc,101-3%,OH*,-1.582711366318108
NdAg-bcc,101,OH*,-2.0997407212271355
NdAg-bcc,101,OH*,-0.608743147317
NdAg-bcc,101,OH*,-1.4913034298624552
NdAg-bcc,101,OH*,0.4287843336642254
NdAg-bcc,101,OH*,-2.1284675070601224
NdAg-bcc,101+3%,OH*,-2.145416525672772
Tc,111,OH*,-0.5251329050180402
NdAg-bcc,101+5%,OH*,-2.15522446081377
NdAg-bcc,101-3%,OH*,-2.1193006721223355
NdAg-bcc,101-5%,OH*,-2.1159027866160613
HfOs-bcc,101-5%,OH*,-1.5319350600839243
HfRh-bcc,101,OH*,-1.6800462142928154
NdMg-bcc,101,OH*,-2.0617930858570617
NdMg-bcc,101,OH*,-1.3856670689528983
NdMg-bcc,101,OH*,-1.337486592685309
NdMg-bcc,101,OH*,-0.6522480275525595
NdMg-bcc,101,OH*,-2.165527371031203
NdMg-bcc,101+3%,OH*,-2.198156813534297
NdMg-bcc,101+5%,OH*,-2.21109868376152
Tc,111,OH*,-0.8103178680204337
NdMg-bcc,101-3%,OH*,-2.1094760019805108
NdMg-bcc,101-5%,OH*,-2.057568790623918
NdZn-bcc,101,OH*,-1.8787376167238108
NdZn-bcc,101,OH*,-0.6247906527787563
NdZn-bcc,101,OH*,-1.1952657506844844
NdZn-bcc,101,OH*,-1.8899836734999553
NdZn-bcc,101,OH*,-0.6400256263223127
NdZn-bcc,101+3%,OH*,-1.9404448719142238
NdZn-bcc,101+5%,OH*,-1.9729660131124547
NdZn-bcc,101-3%,OH*,-1.8699145976206637
NdZn-bcc,101-5%,OH*,-1.9071994997284492
Ni-fcc,111,OH*,0.027117504592752084
Ni-fcc,111,OH*,0.5660064444527961
Ni-fcc,111,OH*,1.0370644792856183
Ni-fcc,111+2%,OH*,-0.07451293243502732
Ni-fcc,111+5%,OH*,-0.22358682542108
Ni-fcc,111+8%,OH*,-0.3625457027810626
HfRh-bcc,101,OH*,0.15708478831948014
Ni-fcc,111-1%,OH*,0.07789517140190583
Ni-fcc,111-2%,OH*,0.12979462748626247
Ni-fcc,111-3%,OH*,0.18360146555642132
Ni3Fe-fcc,111,OH*,4.96113406335644
Ni-fcc,111-5%,OH*,0.29211638269771356
Ni3Fe-fcc,111+5%,OH*,5.377027548136539
Ni3Al-fcc,111,OH*,-0.32674354895425495
Ni3Al-fcc,111,OH*,0.050255616413778625
Ni3Al-fcc,111+3%,OH*,-0.44728453720745165
Ni3Al-fcc,111+5%,OH*,-0.5276730877085356
Ni3Al-fcc,111-3%,OH*,-0.215470349889074
Ni3Al-fcc,111-5%,OH*,-0.15282294137432473
Tc,111,OH*,0.10338570728060859
Ni3Fe-fcc,111,OH*,4.8784638383222045
Ni3Fe-fcc,111,OH*,5.587688966203132
Pd-fcc,111,OH*,0.7076423777507443
Pd-fcc,111,OH*,0.8468540488647704
Pd-fcc,111,OH*,1.6354089323122025
Pd-fcc,111+2%,OH*,0.5891410187814472
Pd-fcc,111+5%,OH*,0.43886628743894107
Pd-fcc,111+8%,OH*,0.25674988315222436
Ni3Fe-fcc,111-3%,OH*,4.51817749676411
Pd-fcc,111-1%,OH*,0.7773171261396783
Pd-fcc,111-2%,OH*,0.886536409958353
Pd-fcc,111-3%,OH*,0.9572401568275382
Pd-fcc,111-5%,OH*,1.080965285154889
Ni3Fe-fcc,111-5%,OH*,4.283514005423058
Pd3Y-fcc,111,OH*,0.9551218866472482
Pd3Y-fcc,111,OH*,-0.5860066755303706
Pd3Y-fcc,111,OH*,0.6031746097214636
Pd3Y-fcc,111,OH*,-0.5544367082547978
Pd3Y-fcc,111+3%,OH*,-0.6508051439268456
Pd3Y-fcc,111+5%,OH*,-0.690085184707641
Pd3Y-fcc,111-3%,OH*,-0.5114204084111407
Pd3Y-fcc,111-5%,OH*,-0.7041112925235211
Ni3Mn-fcc,111,OH*,0.10822810915124137
Pt-fcc,111,OH*,1.1867352539557032
Pt-fcc,111,OH*,1.4962235201892327
Ni3Mn-fcc,111,OH*,-0.37986207506037317
Pt-fcc,111+2%,OH*,0.9211800390985445
Ni3Mn-fcc,111,OH*,0.019094092000159435
Pt-fcc,111+5%,OH*,0.6205308467033319
Ni3Mn-fcc,111,OH*,-0.2560053796914872
MoB2-Re-B-1,001,OH*,-4.585005239999873
MoB2-Re-B-1,001,OH*,-4.2917073499999105
MoB2-Re-B-1,001,OH*,-4.525344809999865
MoB2-Re-B-1,001,OH*,-2.8959553099999766
MoB2-Re-B-1,001,OH*,-4.791448189999983
MoB2-Re-B-1,001,OH*,-4.814563509999971
MoB2-Re-B-1,001,OH*,-4.11496555999986
MoB2-Re-B-1,001,OH*,-4.814250119999883
MoB2-Re-B-1,001,OH*,-4.807398260000014
MoB2-Re-B-1,001,OH*,-4.246054719999961
MoB2-Re-B-1,001,OH*,-4.173459839999964
MoB2-Re-B-1,001,OH*,-4.072354379999865
MoB2-Re-B-1,001,OH*,-4.262843090000047
Tl,111,OH*,0.8927293127788971
MoB2-V-B00,001,OH*,-4.31423264
MoB2-V-B00,001,OH*,-4.348710609999898
MoB2-V-B00,001,OH*,-4.315906709999922
MoB2-V-B00,001,OH*,-4.314679159999969
MoB2-V-B00,001,OH*,-4.313201539999795
MoB2-V-B00,001,OH*,-4.122908259999804
MoB2-V-B00,001,OH*,-4.280609589999813
MoB2-V-B00,001,OH*,-4.074102029999949
MoB2-V-B00,001,OH*,-4.036264399999823
MoB2-V-B00,001,OH*,-4.03544455999986
MoB2-V-B00,001,OH*,-4.070360659999892
MoB2-V-B00,001,OH*,-4.282060509999951
MoB2-V-B00,001,OH*,-4.0741924299999255
MoB2-Re-B-1,001,OH*,-4.013078150000069
MoB2-Re-B-1,001,OH*,-4.584172249999938
MoB2-Re-B-1,001,OH*,-4.55801608999991
MoB2-V-B00,001,OH*,-4.3193046499999355
MoB2-V-B00,001,OH*,-4.3473020699998415
MoB2-Re-B-1,001,OH*,-4.342819659999918
MoB2-V-B00,001,OH*,-4.32110914999987
MoB2-V-B00,001,OH*,-4.319710669999836
MoB2-V-B00,001,OH*,-4.221960709999848
MoB2-V-B00,001,OH*,-4.129377309999768
MoB2-V-B00,001,OH*,-4.19111369999996
MoB2-V-B00,001,OH*,-4.191843069999777
MoB2-V-B01,001,OH*,-4.25187713999992
MoB2-V-B01,001,OH*,-4.819582149999974
MoB2-V-B01,001,OH*,-4.252645949999874
MoB2-V-B01,001,OH*,-4.252379889999929
MoB2-V-B01,001,OH*,-4.251422929999876
MoB2-V-B01,001,OH*,-4.212321359999919
MoB2-V-B01,001,OH*,-4.224172369999906
MoB2-V-B01,001,OH*,-4.103308739999989
MoB2-V-B01,001,OH*,-4.00892161999991
MoB2-V-B01,001,OH*,-4.00398397999993
MoB2-V-B01,001,OH*,-4.041809940000007
MoB2-V-B01,001,OH*,-4.224590289999924
MoB2-V-B01,001,OH*,-4.106085819999976
MoB2-V-B01,001,OH*,-4.252822869999932
MoB2-V-B01,001,OH*,-4.819538079999916
MoB2-V-B01,001,OH*,-4.819270319999987
MoB2-V-B01,001,OH*,-4.2549750999999105
MoB2-V-B01,001,OH*,-4.223672109999939
MoB2-V-B01,001,OH*,-4.2123598299999685
MoB2-V-B01,001,OH*,-3.078753029999916
MoB2-V-B01,001,OH*,-3.0784286399998564
MoB2-V-B01,001,OH*,-3.5137713799998664
MoB2-V-B01,001,OH*,-4.21354746999998
MoB2-V-B01,001,OH*,-4.222552099999916
MoB2-Ti-B01,001,OH*,-4.290012029999957
MoB2-Ti-B01,001,OH*,-4.678202349999992
MoB2-Ti-B01,001,OH*,-4.307422470000006
MoB2-Ti-B01,001,OH*,-4.290285949999884
MoB2-Ti-B01,001,OH*,-4.288796919999982
MoB2-Ti-B01,001,OH*,-4.139050790000056
MoB2-Ti-B01,001,OH*,-4.250632799999835
MoB2-Ti-B01,001,OH*,-4.099189490000072
MoB2-Ti-B01,001,OH*,-4.0793251399999235
MoB2-Ti-B01,001,OH*,-4.052438789999883
MoB2-Ti-B01,001,OH*,-4.085320779999961
MoB2-Ti-B01,001,OH*,-4.275689869999951
MoB2-Ti-B01,001,OH*,-4.138913210000055
MoB2-Ti-B01,001,OH*,-4.344473259999859
MoB2-Ti-B01,001,OH*,-4.677338359999908
MoB2-Ti-B01,001,OH*,-4.676630599999953
MoB2-Ti-B01,001,OH*,-4.675514789999966
MoB2-Re-B-1,001,OH*,-4.3426823099999865
MoB2-Re-B-1,001,OH*,-4.018010699999991
MoB2-Ti-B01,001,OH*,-4.250195739999981
MoB2-Ti-B01,001,OH*,-4.2278553399999055
MoB2-Ti-B01,001,OH*,-3.854782279999995
MoB2-Ti-B01,001,OH*,-3.2714928799999825
MoB2-Ti-B01,001,OH*,-2.9553865199999336
MoB2-Ti-B01,001,OH*,-4.031448029999979
MoB2-Ti-B01,001,OH*,-4.22855557999992
MoB2-Ti-B01,001,OH*,-4.24951233999991
MoB2-Re-B-1,001,OH*,-4.317122919999974
MoB2-Cr-B02,001,OH*,-4.363188229999992
MoB2-Cr-B02,001,OH*,-4.7877575500000376
MoB2-Re-B-1,001,OH*,-4.380351949999977
MoB2-Cr-B02,001,OH*,-4.782641820000094
MoB2-Re-B-1,001,OH*,-4.574436809999952
MoB2-Cr-B02,001,OH*,-4.717745589999936
MoB2-Cr-B02,001,OH*,-4.361041279999995
MoB2-Re-B-1,001,OH*,-4.574782599999935
MoB2-Ti-B00,001,OH*,-4.204689759999724
MoB2-Cr-B02,001,OH*,-3.092647710000051
MoB2-Cr-B02,001,OH*,-3.2657270800000333
MoB2-Cr-B02,001,OH*,-4.097153930000104
MoB2-Cr-B02,001,OH*,-4.190385860000106
MoB2-Cr-B02,001,OH*,-4.066007289999902
MoB2-Cr-B02,001,OH*,-3.819333889999939
MoB2-Cr-B02,001,OH*,-4.064969570000017
MoB2-Cr-B02,001,OH*,-4.064822219999996
MoB2-Cr-B02,001,OH*,-4.065567540000075
MoB2-Cr-B02,001,OH*,-3.8514292600000317
MoB2-Cr-B02,001,OH*,-4.201170609999963
MoB2-Cr-B02,001,OH*,-3.267138980000027
MoB2-Cr-B02,001,OH*,-4.095285019999892
MoB2-Ti-B00,001,OH*,-4.369486469999742
MoB2-Cr-B02,001,OH*,-4.785144970000033
MoB2-Cr-B02,001,OH*,-4.786254339999914
MoB2-Ti-B00,001,OH*,-4.247957469999733
MoB2-Cr-B02,001,OH*,-4.785876219999977
MoB2-Cr-B02,001,OH*,-4.785660510000071
MoB2-Ti-B00,001,OH*,-4.206860299999789
MoB2-Cr-B02,001,OH*,-3.101886590000049
MoB2-Cr-B02,001,OH*,-3.264411780000046
MoB2-Ti-B00,001,OH*,-4.186866699999882
MoB2-Cr-B02,001,OH*,-4.112308280000093
MoB2-Cr-B02,001,OH*,-4.101156290000063
MoB2-Cr-B02,001,OH*,-4.061240249999969
MoB2-Cr-B02,001,OH*,-4.029215609999937
MoB2-Cr-B02,001,OH*,-3.877993659999902
MoB2-Cr-B02,001,OH*,-4.06280664999997
MoB2-Cr-B02,001,OH*,-4.110416320000013
MoB2-Cr-B02,001,OH*,-4.111851199999933
MoB2-Ti-B00,001,OH*,-4.023855219999746
MoB2-Ti-B00,001,OH*,-4.058131579999781
MoB2-Ti-B00,001,OH*,-4.185564059999706
MoB2-Ti-B00,001,OH*,-4.0020501099998
MoB2-Ti-B00,001,OH*,-4.322218279999902
MoB2-Ti-B00,001,OH*,-4.33965142999989
MoB2-Ti-B00,001,OH*,-4.339180529999794
MoB2-Ti-B00,001,OH*,-4.322848599999816
MoB2-Ti-B00,001,OH*,-4.048689409999838
MoB2-Ti-B00,001,OH*,-4.023970609999878
MoB2-Ti-B00,001,OH*,-4.0447892699997965
MoB2-Ti-B00,001,OH*,-4.046929649999811
MoB2-Cr-B00,001,OH*,-3.417331020000006
MoB2-Cr-B00,001,OH*,-4.653898920000074
MoB2-Cr-B00,001,OH*,-4.713130620000015
MoB2-Cr-B00,001,OH*,-4.668930980000027
MoB2-Cr-B00,001,OH*,-4.654353330000049
MoB2-Cr-B00,001,OH*,-4.6536352199999556
MoB2-Cr-B00,001,OH*,-4.03934262000007
MoB2-Cr-B00,001,OH*,-4.292967339999905
MoB2-Cr-B00,001,OH*,-4.499567650000017
MoB2-Cr-B00,001,OH*,-4.2902288200000385
MoB2-Cr-B00,001,OH*,-4.116892539999981
MoB2-Cr-B00,001,OH*,-4.242701019999913
MoB2-Cr-B00,001,OH*,-4.2426150300000245
MoB2-Cr-B00,001,OH*,-4.286037410000063
MoB2-Cr-B00,001,OH*,-4.133473239999944
MoB2-Cr-B00,001,OH*,-4.5245846599999595
MoB2-Cr-B00,001,OH*,-4.068670559999987
MoB2-Cr-B00,001,OH*,-4.2908528799999885
MoB2-Cr-B00,001,OH*,-4.669065459999956
MoB2-Cr-B00,001,OH*,-4.712831670000014
MoB2-Cr-B00,001,OH*,-4.7097361299998965
MoB2-Cr-B00,001,OH*,-4.6690872299999455
MoB2-Cr-B00,001,OH*,-3.10184057999993
MoB2-Ti-B03,001,OH*,-4.158377249999944
MoB2-Ti-B03,001,OH*,-3.950416789999963
MoB2-Ti-B03,001,OH*,-3.6948812199999566
MoB2-Ti-B03,001,OH*,-3.0640393999998423
MoB2-Ti-B03,001,OH*,-3.0379639299999326
MoB2-Ti-B03,001,OH*,-3.7000636599999552
MoB2-Ti-B03,001,OH*,-3.9779439799999636
MoB2-Ti-B03,001,OH*,-4.158338639999897
MoB2-Cr-B00,001,OH*,-4.487426639999967
MoB2-V-B03,001,OH*,-4.715536389999784
MoB2-V-B03,001,OH*,-4.745208219999768
MoB2-V-B03,001,OH*,-4.742527839999866
MoB2-V-B03,001,OH*,-4.716408759999922
MoB2-V-B03,001,OH*,-4.7145691799998986
MoB2-V-B03,001,OH*,-3.6397625699999026
MoB2-V-B03,001,OH*,-4.172052809999855
MoB2-Cr-B00,001,OH*,-4.293026679999912
MoB2-Cr-B00,001,OH*,-4.206152159999988
MoB2-V-B03,001,OH*,-4.683386129999917
MoB2-V-B03,001,OH*,-4.156541879999963
MoB2-V-B03,001,OH*,-3.6678407299999662
MoB2-V-B03,001,OH*,-3.999465379999833
MoB2-V-B03,001,OH*,-3.998848259999818
MoB2-V-B03,001,OH*,-3.999865569999997
MoB2-V-B03,001,OH*,-3.6679366799999116
MoB2-V-B03,001,OH*,-4.7007767999999714
MoB2-V-B03,001,OH*,-3.6428854199999705
MoB2-V-B03,001,OH*,-4.157418969999867
MoB2-Cr-B00,001,OH*,-4.156507069999975
MoB2-Cr-B00,001,OH*,-4.134505449999892
MoB2-Cr-B00,001,OH*,-4.228936009999984
MoB2-Cr-B00,001,OH*,-4.307393150000053
MoB2-V-B03,001,OH*,-4.742617199999927
MoB2-V-B03,001,OH*,-4.744340559999955
IrO2-Ptdoped-surf,110,OH*,-0.2520430499999975
IrPdO4-alloy-Irsite,110,OH*,0.26789046000004646
Ir5Pt3O16-alloy-Ptsite,110,OH*,0.7675146200000427
Ir5Pt3O16-alloy-Irsite,110,OH*,-0.3159688499999902
IrO2-Ptdoped-subsurf,110,OH*,-0.15706629999993993
CuC48N24H24,active_site,OH*,-0.8723394300000109
CuC39N15H21,active_site,OH*,0.1348530299999311
CuC48N24H24,active_site,OH*,-0.3876392650000753
CuC39N15H21,active_site,OH*,0.5216362150000577
MoP,0.5H,OH*,-0.329072789711
IrO2-Pddoped-subsurf,110,OH*,-0.11522202999998399
IrPtO4-alloy-Irsite,110,OH*,-0.1519270199999596
IrO2-Pddoped-surf,110,OH*,-0.3249003499999503
IrO2-Osdoped-subsurf,110,OH*,-0.09063924000002999
IrOsO4-alloy-Irsite,110,OH*,-0.08262789999997722
PtO2,110,OH*,0.4340307100000018
IrO2,110,OH*,-0.12693579000000454
OsO2,110,OH*,-0.37429091999996444
PdO2,110,OH*,0.4752863400000251
IrPtO4-alloy-Ptsite,110,OH*,0.3743466200000398
IrO2-Osdoped-surf,110,OH*,-0.6832417099999475
Pt3V,111,OH*,-0.67385
Co,111,OH*,0.6621178685790028
Co,111,OH*,0.021454543483628186
Co,111,OH*,-0.23144179951771093
Co,111,OH*,-0.24384828582253704
Al3Cu,111,OH*,-0.83385
Ge3Sc,111,OH*,-0.83385
Re3Ir,111,OH*,-0.82385
Ru3Ta,111,OH*,-0.74385
Pt3Zr,111,OH*,-0.74385
Co3W,111,OH*,-0.67385
Pd,111,OH*,0.64644165495
Sc3Al,111,OH*,-2.67385
Nb3Sb,111,OH*,-1.85385
Ta3Pt,111,OH*,-1.82385
Ir3Zr,111,OH*,-0.71385
Pt3Hf,111,OH*,-0.81385
Sn3La,111,OH*,-1.09385
Sn3Sc,111,OH*,-1.08385
Al3Pt,111,OH*,-0.81385
Ni3Ti,111,OH*,-0.81385
In3Zr,111,OH*,-0.81385
Al3Ni,111,OH*,-0.74385
Sc3Ge,111,OH*,-2.67385
LiCoO2,01-12,OH*,0.38270852
La3Pb,111,OH*,-2.17385
Sc3As,111,OH*,-2.66385
Y3Tl,111,OH*,-2.65385
Rh3La,111,OH*,-0.61385
V3Ga,111,OH*,-1.80385
Pd3Nb,111,OH*,-1.33385
Ir3W,111,OH*,-0.71385
Zr3Ge,111,OH*,-2.17385
Al3Co,111,OH*,-0.66385
Co3Fe,111,OH*,-0.19385
Rh3Mo,111,OH*,-0.18385
Rh3Pd,111,OH*,0.44915287077753874
Rh3Pd,111,OH*,1.4568184430798965
Rh3Pt,111,OH*,0.33379769207829213
Rh3Pt,111,OH*,0.23805865567999263
Rh3Pt,111,OH*,0.5930278928798316
Rh3Pt,111,OH*,0.5074063210785198
Rh3Re,111,OH*,0.829477131280214
Rh3Re,111,OH*,0.6247056171786198
Rh3Re,111,OH*,-0.5212586842200153
Rh3Ru,111,OH*,0.4674110290806084
Pt3Bi,111,OH*,0.9537502968786384
PtZn,101,OH*,0.8097307823817346
PdZn,101,OH*,0.41467237387848854
PdZn,101,OH*,0.13331428387471078
Pt3Ir,111,OH*,1.5153406057769416
Pt3Au,111,OH*,0.8018758082806698
Pd3Ir,111,OH*,1.1074595129801992
Pd3Tc,111,OH*,1.1772084124794446
Pd3Zn,111,OH*,0.7291212753742684
Pd3Zn,111,OH*,0.5991041948772136
Re3Ir,111,OH*,-0.7937755235208215
Pt3Au,111,OH*,1.5503054652807577
Os3Au,111,OH*,1.3336472024792556
IrRu,101,OH*,0.2699157030773449
Ir3Pt,111,OH*,1.6321324095814589
BiIr,101,OH*,0.7725141807794671
Rh3Tc,111,OH*,0.09565617767736967
Rh3Zn,111,OH*,1.0882685484801868
Pt3Os,111,OH*,1.0217651507745131
PtZn,101,OH*,1.0413649663795468
Pd3Os,111,OH*,0.7360567768781721
PdZn,101,OH*,0.1345027410760622
Au3Os,111,OH*,1.2353429489784276
AgZn,101,OH*,0.2295574111820997
Cu3Tc,111,OH*,-0.5928031268150562
CuZn,101,OH*,0.20301515527251013
Zn3Rh,111,OH*,-0.00025088902032166516
Zn3Pd,111,OH*,0.12734846018145163
Bi3Os,111,OH*,0.6273460737764935
Bi3Zn,111,OH*,0.10836607077806093
OsRh,101,OH*,-0.16411838681881363
Os3Ag,111,OH*,0.17667671267997775
IrPt,101,OH*,0.360075045181361
BiIr,101,OH*,0.05942734937787009
Rh3Os,111,OH*,0.5803842593785475
Pt3Os,111,OH*,1.098189138680823
PtZn,101,OH*,0.3787460001811951
Pd3Os,111,OH*,-0.36434682432366117
PdZn,101,OH*,0.48186666857952787
Au3Os,111,OH*,1.3897037416799094
Cu3Os,111,OH*,-0.22786908092086833
CuZn,101,OH*,0.2533158064733243
Zn3Rh,111,OH*,0.23611440227693947
Zn3Pd,111,OH*,-0.0008604239220630916
Bi3Os,111,OH*,0.7822949045774976
AgOs,101,OH*,0.5762916672800884
Ir3Pd,111,OH*,0.3206315999785829
Rh3Ir,111,OH*,0.32837500748144066
Pt3Ir,111,OH*,1.0530834127829394
Cu3Ir,111,OH*,0.22091289878596854
CuZn,101,OH*,0.6048585861689162
Zn3Au,111,OH*,0.04686562218273593
AgOs,101,OH*,0.9621939892866749
Ir3Pd,111,OH*,0.7582088841780887
Rh3Ir,111,OH*,0.38807188568250695
Pt3Ir,111,OH*,0.785605985777579
Cu3Ir,111,OH*,0.23898629178154351
Zn3Au,111,OH*,1.9202140242822452
AgOs,101,OH*,1.0010215047849442
Ir3Pd,111,OH*,0.2861096057794157
Rh3Ir,111,OH*,0.25224558278284803
Pt3Ir,111,OH*,0.27546151917783845
Cu3Ir,111,OH*,0.3849659782835033
Zn3Ag,111,OH*,0.10972786457284656
Os3Cu,111,OH*,-0.028753453024478404
Ir3Pd,111,OH*,1.6893428474803613
Rh3Ir,111,OH*,0.5191193252802577
Cu3Ir,111,OH*,0.8311212430825208
Zn3Ag,111,OH*,0.022996748678338008
Os3Cu,111,OH*,0.08362847388059436
IrPd,101,OH*,0.22116487618120573
Cu3Ir,111,OH*,0.7672965340797191
Zn3Ag,111,OH*,0.12595714207861874
Os3Cu,111,OH*,0.1964583001798701
IrPd,101,OH*,0.8242767636810413
Zn3Ag,111,OH*,1.592214806075276
Os3Cu,111,OH*,0.11873020667997025
IrPd,101,OH*,0.2415399440805004
Zn3Cu,111,OH*,0.21331534438365907
Ta,111,OH*,-2.1272281646225792
Os3Cu,111,OH*,1.5096263511776442
IrPd,101,OH*,0.9312218560816063
Zn3Cu,111,OH*,0.25425623198395897
CuOs,101,OH*,-0.1475738655163923
Ir3Au,111,OH*,0.5265572849792761
Zn3Cu,111,OH*,1.1398654139746895
CuOs,101,OH*,0.7221635966824351
Ir3Au,111,OH*,0.37678324307933053
Ta,111,OH*,-2.088587591321925
CuOs,101,OH*,0.36896051437804545
Ir3Au,111,OH*,0.9044428611786088
CuOs,101,OH*,0.16325102388225332
Ir3Au,111,OH*,0.36697775697837187
Bi3Ir,111,OH*,0.7871558101804794
CuOs,101,OH*,1.1137173148789543
Ir3Au,111,OH*,2.2328224839810673
CuOs,101,OH*,0.21778903188248933
AuIr,101,OH*,0.43120982038169586
AuIr,101,OH*,1.564003948079403
AuIr,101,OH*,0.5522452394806123
Ir3Ag,111,OH*,0.4672938841803216
Ir3Ag,111,OH*,0.29646816328465775
Ir3Ag,111,OH*,1.0256527051795956
Ir3Ag,111,OH*,0.2901937623799995
Ir3Ag,111,OH*,1.99393728248549
AgIr,101,OH*,0.1676119203810913
Ta,111,OH*,-1.4112725730220745
AgIr,101,OH*,0.932095613575143
AgIr,101,OH*,0.4570330154791691
Bi3Tc,111,OH*,0.7389433604811302
AgIr,101,OH*,1.4484701265799913
Ir3Cu,111,OH*,0.44496571918432437
Ir3Cu,111,OH*,0.2779822456840293
Ir3Cu,111,OH*,1.0933127226788883
Ir3Cu,111,OH*,0.36788988248451915
Bi3Zn,111,OH*,0.7304761301755889
Ir3Cu,111,OH*,1.4668699201837399
CuIr,101,OH*,0.12973707538628787
CuIr,101,OH*,0.5398763048841602
CuIr,101,OH*,1.0291708649864404
CuIr,101,OH*,0.41470856508101406
BiIr,101,OH*,0.35092739427716424
BiOs,101,OH*,0.9526871480783257
BiOs,101,OH*,0.8715569513777837
BiTc,101,OH*,0.885057199081416
BiTc,101,OH*,-0.1892166707176557
BiTc,101,OH*,0.9151561189800077
BiTc,101,OH*,-0.2211206577186431
BiZn,101,OH*,0.23580065507564996
Cu3Ir,111,OH*,0.7500778505826702
Cu3Ir,111,OH*,0.3211790930844245
Cu3Os,111,OH*,0.8501005029801263
Cu3Os,111,OH*,-0.09100194261839079
Cu3Tc,111,OH*,0.8278639043827525
Cu3Tc,111,OH*,-0.358037728819113
Cu3Zn,111,OH*,0.23420770068776164
Cu3Zn,111,OH*,0.1582633133920126
IrO2-Rutile,110,OH*,-0.0503252797425
Ni,111,OH*,0.138271352116
Co3Pt,111,OH*,-0.336005469941
Ir,111,OH*,0.543498196133
Pt,111,OH*,0.976787461281
Co,111,OH*,-0.355936380889
Rh,111,OH*,0.243731115726
Ag,111,OH*,0.682900693151
Cu3Co,111,OH*,-0.109789946975
CoFe,111,OH*,-0.519597283448
CoPt,111,OH*,0.0623755338347
Co3Cu,111,OH*,-0.275594970619
Fe,111,OH*,-1.2233126601232698
Co3Fe,111,OH*,-0.302629005469
Cu,111,OH*,0.3276247002
Cu3Ni,111,OH*,0.190025705757
Cu3Fe,111,OH*,-0.230817343981
Ir3Ag,111,OH*,0.4875162961806154
Zr,111,OH*,-2.4462944297202966
Zr,111,OH*,-1.348045017818663
Ir3Bi,111,OH*,0.5651567689791364
Fe2P,100,OH*,-1.07001662736
Ir3Re,111,OH*,1.0757179779801618
MoP,0H,OH*,-0.874028531318
MoP,0.25H,OH*,-0.857539384378
Ir3Rh,111,OH*,0.713217173980297
Ir3Ru,111,OH*,0.8271516463800026
IrO2-Anatase-SrIrO3,2ML,OH*,0.212888066853
MoP,0.5H,OH*,-0.547261226209
SrIrO3,001,OH*,0.183980460119
IrO3-SrIrO3,2ML,OH*,1.09222064135
W,111,OH*,-1.066736860720198
Y,111,OH*,-2.672594502220022
In,111,OH*,0.17441245338056888
Y,111,OH*,-1.5586088830197014
In,111,OH*,0.23505193388052703
Cu,100,OH*,0.7406250562562491
V,111,OH*,-2.3632254219220385
AgO2-rutile,110,OH*,2.0888029000000046
AgO2-rutile,100,OH*,1.9078245000000038
AuO2-rutile,110,OH*,1.5057529100000124
AuO2-rutile,100,OH*,1.3927296500000068
CdO2-rutile,110,OH*,2.256772500000011
CdO2-rutile,100,OH*,2.0806685000000016
CoO2-rutile,110,OH*,1.3849585600000012
CoO2-rutile,100,OH*,1.3429571800000133
CrO2-rutile,110,OH*,1.125645999999989
CrO2-rutile,100,OH*,1.3257011599999942
CuO2-rutile,110,OH*,2.2884642799999995
CuO2-rutile,100,OH*,2.278097509999995
FeO2-rutile,110,OH*,1.8822180100000026
FeO2-rutile,100,OH*,1.8332475400000021
GaO2-rutile,100,OH*,2.168456400000011
MoB2-Ta-B02,001,OH*,-4.186767410000016
MoB2-Ta-B02,001,OH*,-4.187487919999853
MoB2-Zr-B01,001,OH*,-4.249403659999871
MoB2-Zr-B01,001,OH*,-4.619888809999907
MoB2-Zr-B01,001,OH*,-4.347064249999789
MoB2-Zr-B01,001,OH*,-4.346948819999739
MoB2-Zr-B01,001,OH*,-4.248954309999931
MoB2-Zr-B01,001,OH*,-4.3474836199999345
MoB2-Zr-B01,001,OH*,-2.950376409999876
MoB2-Zr-B01,001,OH*,-3.2585101499998927
MoB2-Zr-B01,001,OH*,-4.12419728999987
MoB2-Zr-B01,001,OH*,-4.205011589999913
MoB2-Zr-B01,001,OH*,-4.007320109999796
MoB2-Zr-B01,001,OH*,-3.662035299999957
MoB2-Zr-B01,001,OH*,-3.931559049999919
MoB2-Zr-B01,001,OH*,-3.881787579999923
MoB2-Zr-B01,001,OH*,-3.985794639999881
MoB2-Zr-B01,001,OH*,-3.785717089999821
MoB2-Zr-B01,001,OH*,-4.220411729999796
MoB2-Os-B03,001,OH*,-4.847329670000022
MoB2-Os-B03,001,OH*,-4.845138669999983
MoB2-Zr-B01,001,OH*,-4.204396739999879
MoB2-Os-B03,001,OH*,-4.131363360000023
MoB2-Os-B03,001,OH*,-4.127156990000003
MoB2-Os-B03,001,OH*,-3.79328208000004
MoB2-Os-B03,001,OH*,-3.790996249999921
MoB2-Os-B03,001,OH*,-3.561947410000016
MoB2-Os-B03,001,OH*,-3.793413149999992
MoB2-Os-B03,001,OH*,-4.128489179999974
MoB2-Os-B03,001,OH*,-4.129824020000001
MoB2-Zr-B01,001,OH*,-4.153311479999957
MoB2-Zr-B01,001,OH*,-3.879646269999853
MoB2-Zr-B01,001,OH*,-3.8706558599999425
MoB2-Zr-B01,001,OH*,-3.8533680199998344
MoB2-Zr-B01,001,OH*,-3.8816707399998904
MoB2-Zr-B01,001,OH*,-4.203033170000026
MoB2-Zr-B01,001,OH*,-4.20367447000001
MoB2-Os-B03,001,OH*,-4.519369589999997
MoB2-Os-B03,001,OH*,-4.849944009999945
MoB2-Os-B03,001,OH*,-4.793272590000015
MoB2-Os-B03,001,OH*,-4.793117960000018
MoB2-Os-B03,001,OH*,-4.132980330000009
MoB2-Os-B03,001,OH*,-2.8608089800000016
MoB2-Os-B03,001,OH*,-4.127122080000049
MoB2-Os-B03,001,OH*,-4.131473229999983
MoB2-Os-B03,001,OH*,-3.9675728599999047
MoB2-Os-B03,001,OH*,-2.9840560200000255
MoB2-Os-B03,001,OH*,-3.9177041199999394
MoB2-Os-B03,001,OH*,-3.807032739999954
MoB2-Os-B03,001,OH*,-3.965697500000033
MoB2-Os-B03,001,OH*,-3.3143698599999425
MoB2-Os-B03,001,OH*,-4.132672149999848
MoB2-Os-B03,001,OH*,-2.862653669999986
MoB2-Os-B03,001,OH*,-4.126188199999888
MoB2-Os-B03,001,OH*,-4.834702470000025
MoB2-Os-B03,001,OH*,-4.847981520000076
MoB2-Os-B02,001,OH*,-4.695708489999902
MoB2-Os-B02,001,OH*,-4.576483209999992
MoB2-Os-B02,001,OH*,-4.576099099999965
MoB2-Os-B02,001,OH*,-4.1538209600000755
MoB2-Os-B02,001,OH*,-2.906578029999878
MoB2-Tc-B01,001,OH*,-4.209006249999902
MoB2-Tc-B01,001,OH*,-4.666448899999864
MoB2-Tc-B01,001,OH*,-4.250951959999838
MoB2-Tc-B01,001,OH*,-4.210021679999954
MoB2-Tc-B01,001,OH*,-4.208999619999986
MoB2-Os-B02,001,OH*,-4.051869959999976
MoB2-Os-B02,001,OH*,-4.100535779999973
MoB2-Tc-B01,001,OH*,-4.047559799999931
MoB2-Tc-B01,001,OH*,-4.196838199999888
MoB2-Tc-B01,001,OH*,-4.029276809999942
MoB2-Tc-B01,001,OH*,-4.0089276699999346
MoB2-Tc-B01,001,OH*,-3.8944044899999426
MoB2-Tc-B01,001,OH*,-4.027089359999877
MoB2-Tc-B01,001,OH*,-4.197110679999923
MoB2-Tc-B01,001,OH*,-4.029364159999886
MoB2-Tc-B01,001,OH*,-4.663999600000011
MoB2-Tc-B01,001,OH*,-4.666340629999922
MoB2-Tc-B01,001,OH*,-4.664894179999919
MoB2-Tc-B01,001,OH*,-4.6647766399999
MoB2-Tc-B01,001,OH*,-4.196646470000019
MoB2-Tc-B01,001,OH*,-4.192411829999969
MoB2-Tc-B01,001,OH*,-3.471341789999883
MoB2-Tc-B01,001,OH*,-3.1549918799998977
MoB2-Tc-B01,001,OH*,-3.4713650999999572
MoB2-Tc-B01,001,OH*,-4.193316319999894
MoB2-Tc-B01,001,OH*,-4.193602179999971
MoB2-Os-B02,001,OH*,-4.027697899999907
MoB2-Os-B02,001,OH*,-3.331135549999999
MoB2-Os-B02,001,OH*,-4.159148210000012
MoB2-Os-B02,001,OH*,-3.930152620000058
MoB2-Os-B02,001,OH*,-3.928513090000024
MoB2-Os-B02,001,OH*,-3.986475710000036
MoB2-Os-B02,001,OH*,-3.633053959999984
MoB2-Os-B02,001,OH*,-4.100687139999991
MoB2-Os-B02,001,OH*,-2.906579319999878
MoB2-Os-B02,001,OH*,-4.030049409999947
MoB2-Os-B02,001,OH*,-4.692256999999927
MoB2-Os-B02,001,OH*,-4.695399510000016
MoB2-Os-B02,001,OH*,-4.6944398800000045
MoB2-Os-B02,001,OH*,-4.694176540000058
MoB2-Os-B02,001,OH*,-4.097265819999961
MoB2-Os-B02,001,OH*,-4.052685499999939
MoB2-Os-B02,001,OH*,-3.8857887399999527
MoB2-Os-B02,001,OH*,-3.7989177300000847
MoB2-Os-B02,001,OH*,-3.756731519999903
MoB2-Os-B02,001,OH*,-3.927476619999993
MoB2-Os-B02,001,OH*,-4.094737089999967
MoB2-Os-B02,001,OH*,-4.095565429999851
MoB2-Zr-B00,001,OH*,-4.202150949999918
MoB2-Zr-B00,001,OH*,-4.049107670000012
MoB2-Zr-B00,001,OH*,-4.0521980899999335
MoB2-Zr-B00,001,OH*,-4.062214659999995
MoB2-Tc-B03,001,OH*,-4.826182220000078
MoB2-Tc-B03,001,OH*,-4.8401527700000315
MoB2-Tc-B03,001,OH*,-4.8266532899999675
MoB2-Tc-B03,001,OH*,-4.826620700000035
MoB2-Zr-B00,001,OH*,-4.280570510000075
MoB2-Zr-B00,001,OH*,-4.382950349999987
MoB2-Zr-B00,001,OH*,-4.299126300000012
MoB2-Zr-B00,001,OH*,-4.29896121999991
MoB2-Zr-B00,001,OH*,-4.280489289999991
MoB2-Tc-B03,001,OH*,-4.781298180000022
MoB2-Tc-B03,001,OH*,-3.0008086300000514
MoB2-Zr-B00,001,OH*,-4.039425679999908
MoB2-Zr-B00,001,OH*,-4.204584970000042
MoB2-Zr-B00,001,OH*,-3.9089762699999255
MoB2-Zr-B00,001,OH*,-4.240432290000058
MoB2-Zr-B00,001,OH*,-4.037941090000004
MoB2-Zr-B00,001,OH*,-4.2992310299998735
MoB2-Zr-B00,001,OH*,-4.320875279999996
MoB2-Zr-B00,001,OH*,-4.320648219999839
MoB2-Zr-B00,001,OH*,-4.300218420000078
MoB2-Tc-B03,001,OH*,-4.113834859999997
MoB2-Tc-B02,001,OH*,-4.615003020000017
MoB2-Tc-B02,001,OH*,-4.294420930000115
MoB2-Tc-B03,001,OH*,-4.55289345999995
MoB2-Tc-B03,001,OH*,-3.860766269999999
MoB2-Tc-B03,001,OH*,-3.1033381299999974
MoB2-Tc-B02,001,OH*,-3.439174209999919
MoB2-Tc-B02,001,OH*,-4.122899260000054
MoB2-Tc-B02,001,OH*,-4.158282570000097
MoB2-Tc-B02,001,OH*,-4.120425530000034
MoB2-Tc-B02,001,OH*,-3.8602597400000604
MoB2-Tc-B02,001,OH*,-4.06869850999999
MoB2-Tc-B02,001,OH*,-3.9990870000000314
MoB2-Tc-B02,001,OH*,-4.107296789999964
MoB2-Tc-B02,001,OH*,-3.881548149999958
MoB2-Tc-B02,001,OH*,-4.293207589999952
MoB2-Tc-B02,001,OH*,-3.788627159999919
MoB2-Tc-B02,001,OH*,-4.121328569999946
MoB2-Tc-B03,001,OH*,-3.832432899999958
MoB2-Tc-B03,001,OH*,-3.8291475599999103
MoB2-Tc-B02,001,OH*,-4.733703000000105
MoB2-Tc-B02,001,OH*,-4.740870969999946
MoB2-Tc-B03,001,OH*,-3.8599534300000187
MoB2-Tc-B03,001,OH*,-3.1036344299999428
MoB2-Tc-B03,001,OH*,-4.7811163600000555
MoB2-Tc-B02,001,OH*,-4.739143500000068
MoB2-Tc-B02,001,OH*,-4.73720480999998
MoB2-Tc-B03,001,OH*,-3.002365090000012
MoB2-Tc-B03,001,OH*,-3.863033689999952
MoB2-Tc-B03,001,OH*,-4.827498960000071
MoB2-Tc-B02,001,OH*,-4.156199360000073
MoB2-Tc-B02,001,OH*,-4.14863997000009
MoB2-Tc-B02,001,OH*,-3.9600662099999226
MoB2-Tc-B02,001,OH*,-3.9299296200000526
MoB2-Tc-B02,001,OH*,-3.882012359999976
MoB2-Tc-B02,001,OH*,-3.96711307999999
MoB2-Tc-B02,001,OH*,-4.149294280000049
MoB2-Tc-B02,001,OH*,-4.156032809999942
MoB2-Os-B01,001,OH*,-4.178163429999927
MoB2-Os-B01,001,OH*,-4.697821319999889
MoB2-Os-B01,001,OH*,-4.186498310000047
MoB2-Os-B01,001,OH*,-4.18261503999986
MoB2-Os-B01,001,OH*,-4.1752862999998115
MoB2-Tc-B03,001,OH*,-4.835897939999995
MoB2-Os-B01,001,OH*,-3.9824730000000272
MoB2-Os-B01,001,OH*,-4.060264819999929
MoB2-Os-B01,001,OH*,-3.914127169999915
MoB2-Os-B01,001,OH*,-3.6910239899998487
MoB2-Os-B01,001,OH*,-4.167845299999954
MoB2-Os-B01,001,OH*,-3.980650829999945
MoB2-Tc-B03,001,OH*,-4.835861990000012
MoB2-Tc-B03,001,OH*,-4.835306370000012
MoB2-Os-B01,001,OH*,-4.187088459999927
MoB2-Os-B01,001,OH*,-4.696555589999889
MoB2-Os-B01,001,OH*,-4.694917259999897
MoB2-Os-B01,001,OH*,-4.1876300999999785
MoB2-Tc-B03,001,OH*,-2.8758468100000982
MoB2-Tc-B03,001,OH*,-2.8770200699999577
MoB2-Os-B01,001,OH*,-4.059483619999924
MoB2-Os-B01,001,OH*,-4.022326499999963
MoB2-Os-B01,001,OH*,-4.039598349999892
MoB2-Os-B01,001,OH*,-4.04168682999989
MoB2-Tc-B03,001,OH*,-4.144893120000006
MoB2-Zr-B03,001,OH*,-4.100963919999913
MoB2-Zr-B03,001,OH*,-4.718912130000035
MoB2-Zr-B03,001,OH*,-4.697282109999833
MoB2-Tc-B03,001,OH*,-4.143343559999948
IrO2-rutile-O-cov,110,OH*,-0.10765132000000222
IrO2-rutile-OH-cov,100,OH*,0.12999809000001505
IrO2-rutile-OH-cov,110,OH*,0.8074555800000098
IrO3-alpha-O-cov,100,OH*,1.249410340000054
IrO3-alpha-O-cov,110,OH*,0.6004078699999695
IrO3-alpha-O-cov,111,OH*,0.8154404700000555
IrO3-alpha-O-cov,211,OH*,1.0521121500000277
IrO3-alpha-OH-cov,100,OH*,1.2749149000000557
IrO3-alpha-OH-cov,110,OH*,0.5339097300000049
IrO3-beta-O-cov-A,010,OH*,1.2461424500000362
IrO3-beta-O-cov-B,010,OH*,1.4766107899999952
IrO3-rutile-O-cov-full,100,OH*,1.3512211800000387
IrO3-rutile-O-cov-full,110,OH*,0.7462233200000128
IrO3-rutile-O-cov-partial,100,OH*,1.4172218500000326
IrO3-rutile-OH-cov,100,OH*,1.2779166100000339
IrO2-rutile-O-cov,100,OH*,-0.060922169999969356
Gd7Ru8O31,111,OH*,0.49278946500004395
RuO3,111,OH*,1.2199334849999843
Bi2Ru2O7,111,OH*,0.2727012150000405
Nd7Ru8O31,111,OH*,0.4717806849999988
Bi7Ru8O31,111,OH*,0.5415121049999811
Gd2Ru2O7,111,OH*,0.2473823450000623
Y4Ru8O29,111,OH*,1.2400504350000574
Gd4Ru8O29,111,OH*,1.1413232950000065
Y2Ru2O7,111,OH*,0.39452821500003665
Bi4Ru8O29,111,OH*,1.1674343750000276
Nd2Ru2O7,111,OH*,0.25846853500002
GaCo-bcc,101,OH*,0.7268809621964465
GaCo-bcc,101,OH*,0.48453637748752953
GaIr-bcc,101,OH*,0.6757056010210363
GaIr-bcc,101+2%,OH*,0.6942458053053997
GaIr-bcc,101+5%,OH*,0.5579984062896983
GaIr-bcc,101-1%,OH*,0.6498851270443993
GaIr-bcc,101-2%,OH*,0.6115306814863288
GaIr-bcc,101-3%,OH*,0.5565027325756091
GaIr-bcc,101-5%,OH*,0.3700716912608186
GaRh-bcc,101,OH*,0.4990397729779943
GaRh-bcc,101+2%,OH*,0.42814105655270396
GaRh-bcc,101+5%,OH*,0.30220609172829427
Ni3Mn-fcc,111,OH*,0.15579238365171477
Ni3Si-fcc,111,OH*,0.4809881491019041
Ni3Si-fcc,111,OH*,0.11441039952478604
Ni3Si-fcc,111,OH*,-0.021839040346094407
Ni3Si-fcc,111+3%,OH*,0.3265016397635918
Ni3Si-fcc,111+3%,OH*,-0.09040029890456935
Ni3Si-fcc,111+3%,OH*,-0.14245145847235108
Ni3Si-fcc,111+3%,OH*,-0.04204893514543073
Ni3Si-fcc,111+5%,OH*,0.23531125832232647
Ni3Si-fcc,111+5%,OH*,-0.22379812180588488
Ni3Si-fcc,111+5%,OH*,-0.20552554148889612
Ni3Si-fcc,111-3%,OH*,0.6513470586432959
Ni3Si-fcc,111-3%,OH*,0.30377673282055184
FeN4C8-HS-ΔNELECT=-2.0,001,OH*,0.7936643100000538
FeN4C8-LS-ΔNELECT=-2.0,001,OH*,-0.6673854900000151
FeN4C8-HS-ΔNELECT=-0.5,001,OH*,0.010215770000002067
FeN4C8-LS-ΔNELECT=-0.5,001,OH*,-0.7198448699999744
FeN4C8-IS-ΔNELECT=+1.0,001,OH*,-0.37388239000000567
FeN4C8-LS-ΔNELECT=-1.0,001,OH*,-0.6618626999999719
FeN4C8-LS-ΔNELECT=+0.0,001,OH*,-0.813854909999975
TcO2-rutile,110,OH*,-0.36355546999999433
TcO2-rutile,100,OH*,0.16733536999998933
TiO2-rutile,110,OH*,1.720904179999991
TiO2-rutile,100,OH*,1.8279682099999945
TlO2-rutile,110,OH*,2.4098369300000115
TlO2-rutile,100,OH*,2.08294810000001
VO2-rutile,110,OH*,0.19372555000001057
VO2-rutile,100,OH*,0.7030296899999939
WO2-rutile,100,OH*,-0.8223370100000125
WO2-rutile,110,OH*,-1.4536935800000208
ZnO2-rutile,110,OH*,2.230525390000011
ZnO2-rutile,100,OH*,2.573420529999993
ZrO2-rutile,110,OH*,1.7159347999999852
ZrO2-rutile,100,OH*,1.7708062300000051
Ag2O3-corundum,012,OH*,2.0584894400000024
Au2O3-corundum,012,OH*,1.8421802500000126
Cd2O3-corundum,012,OH*,2.1329888600000118
Co2O3-corundum,012,OH*,0.7621218399999918
Cr2O3-corundum,012,OH*,0.684970050000004
Cu2O3-corundum,012,OH*,1.8925867799999878
Fe2O3-corundum,012,OH*,1.3946918299999993
Ga2O3-corundum,012,OH*,1.6799711099999968
Hf2O3-corundum,012,OH*,-2.7323724999999968
Hg2O3-corundum,012,OH*,2.160839690000003
In2O3-corundum,012,OH*,1.7646770199999935
Ir2O3-corundum,012,OH*,-0.4576025300000026
La2O3-corundum,012,OH*,1.3737738699999795
Mn2O3-corundum,012,OH*,1.3870310699999777
Mo2O3-corundum,012,OH*,-0.9144637300000227
Nb2O3-corundum,012,OH*,-1.2096175899999935
Ni2O3-corundum,012,OH*,1.7548626099999751
Os2O3-corundum,012,OH*,-1.0434500599999978
Pd2O3-corundum,012,OH*,0.9838424399999894
Pt2O3-corundum,012,OH*,0.7057685099999844
Re2O3-corundum,012,OH*,-1.228741819999982
Rh2O3-corundum,012,OH*,0.19431743999996343
Ru2O3-corundum,012,OH*,-0.37957944999999427
Sc2O3-corundum,012,OH*,1.6034874900000204
Ta2O3-corundum,012,OH*,-1.923207609999963
Tc2O3-corundum,012,OH*,-0.6444628100000216
Ti2O3-corundum,012,OH*,-1.063356099999993
Tl2O3-corundum,012,OH*,2.0933311899999865
V2O3-corundum,012,OH*,0.017007939999984956
W2O3-corundum,012,OH*,-1.6869104599999787
Y2O3-corundum,012,OH*,1.3363815499999987
Zn2O3-corundum,012,OH*,1.9112189499999772
Zr2O3-corundum,012,OH*,-2.187311790000024
Au2O5-C12c,100-lc,OH*,1.4952997799999963
Co2O5-C12c,100-lc,OH*,1.3709691799999746
Co2O5-C12c,100-hc,OH*,1.7826373000000046
Cr2O5-C12c,100-lc,OH*,1.376989079999987
Cr2O5-C12c,100-hc,OH*,1.5167923099999712
Fe2O5-C12c,100-lc,OH*,1.564258489999986
Fe2O5-C12c,100-hc,OH*,1.606227969999992
Ga2O5-C12c,100-lc,OH*,1.8992933600000015
Hf2O5-C12c,100-lc,OH*,1.4159193099999925
In2O5-C12c,100-lc,OH*,1.627310289999997
Ir2O5-C12c,100-lc,OH*,-0.06200908000002414
Ir2O5-C12c,100-hc,OH*,0.24359881000000883
Mn2O5-C12c,100-lc,OH*,1.3904358499999887
Mn2O5-C12c,100-hc,OH*,1.401593599999984
Mo2O5-C12c,100-lc,OH*,-0.44290501000003246
Mo2O5-C12c,100-hc,OH*,-0.3700403500000107
Nb2O5-C12c,100-lc,OH*,-1.1476626600000088
Nb2O5-C12c,100-hc,OH*,0.2564070299999912
Os2O5-C12c,100-hc,OH*,-0.3332735399999933
Os2O5-C12c,100-lc,OH*,-0.39768399000001864
Pd2O5-C12c,100-hc,OH*,0.9859642799999904
NiCo-MOF,100,OH*,1.6074597999997877
NiCo-MOF,100,OH*,0.7593399999998383
CuNi-MOF,100,OH*,1.4796173600000202
CuNi-MOF,100,OH*,1.6336982099999204
Pd2O5-C12c,100-lc,OH*,1.077498179999992
NiCu-MOF,100,OH*,1.4275020400000358
NiCu-MOF,100,OH*,1.1918850899999143
CoCo-MOF,100,OH*,1.1190924900001846
CoCo-MOF,100,OH*,0.932594390000304
CuCo-MOF,100,OH*,1.0438337499999761
CuCo-MOF,100,OH*,0.4922212999999829
CuCu-MOF,100,OH*,1.481537489999937
CuCu-MOF,100,OH*,1.2994102000000112
CoNi-MOF,100,OH*,0.7928901499999483
CoNi-MOF,100,OH*,1.284505210000134
NiNi-MOF,100,OH*,1.6110570200000893
NiNi-MOF,100,OH*,1.5625627599999916
CoCu-MOF,100,OH*,1.117932939999946
CoCu-MOF,100,OH*,1.3989138800000092
Cu-fcc,111,OH*,0.11153103178367019
Ru-hcp,0001,OH*,-0.2776549048394372
Ag-fcc,111,OH*,0.49561769091087626
Ag-fcc,100,OH*,0.23919902717898367
Ni-fcc,111,OH*,-0.15415528546873247
Rh-fcc,111,OH*,0.20146425120765343
Au-fcc,111,OH*,1.15477478556204
Au-fcc,100,OH*,0.9886722054288839
Co-hcp,0001,OH*,-0.417603534348018
Pt-fcc,111,OH*,0.7380922885640757
Pt-fcc,211,OH*,0.09775996207099524
Pt2O5-C12c,100-hc,OH*,0.4115735799999811
Cu-fcc,100-4lays,OH*,-0.05914163244597148
Pt2O5-C12c,100-lc,OH*,0.42760924000000955
Re2O5-C12c,100-hc,OH*,-0.6760553100000095
Cu-fcc,100,OH*,-0.08266362986614695
Re2O5-C12c,100-lc,OH*,-0.8600174800000104
Rh2O5-C12c,100-hc,OH*,0.8179115000000081
Rh2O5-C12c,100-lc,OH*,0.6903577299999881
Ru2O5-C12c,100-hc,OH*,0.4742302200000097
Cu-fcc,111,OH*,-0.8463772062023054
Ru2O5-C12c,100-lc,OH*,0.33081790999997907
Tc2O5-C12c,100-hc,OH*,0.047270650000001524
Cu-fcc,100,OH*,-0.5842725194743252
Tc2O5-C12c,100-lc,OH*,-0.127957140000035
V2O5-C12c,100-hc,OH*,1.442124409999991
V2O5-C12c,100-lc,OH*,0.4548601200000064
Ru-hcp,0001,OH*,-0.07457538581365952
W2O5-C12c,100-hc,OH*,-1.0328901199999905
W2O5-C12c,100-lc,OH*,-1.1664782000000002
Ag-fcc,111,OH*,-1.4542361460626125
Ta2O5-C12c,100-hc,OH*,-0.1608814599999846
Ta2O5-C12c,100-lc,OH*,-2.044229180000002
Ni-fcc,111,OH*,-0.28339745947596384
Sb2O5-C12c,100-lc,OH*,0.05770563000001516
Sn2O5-C12c,100-lc,OH*,0.9694774000000166
Rh-fcc,111,OH*,-0.36248449292907026
Zn2O5-C12c,100-lc,OH*,2.1505056999999965
Zr2O5-C12c,100-lc,OH*,1.572928499999989
WO3,001,OH*,2.1912818800000196
ReO3-Pm3m,001,OH*,-0.5072324000000208
OsO3-Pm3m,001,OH*,-0.1778749899999923
IrO3-Pm3m,001,OH*,0.48953946000000315
Pt-fcc,111,OH*,-0.29761574831354665
RuO3-Pm3m,001,OH*,0.7694890300000026
TcO3-Pm3m,001,OH*,0.3946813699999723
Mo16O51,001,OH*,2.281572780000033
MnO3-Pm3m,001,OH*,1.442182520000003
AgO-Fm3m,100,OH*,3.7199277899999856
CdO-Fm3m,100,OH*,4.297960770000003
CoO-Fm3m,100,OH*,2.155103260000004
CuO-Fm3m,100,OH*,2.7724703800000015
MoB2-Nb-B03,001,OH*,-2.9896520099998725
MoB2-Nb-B03,001,OH*,-4.716891939999982
Os-hcp,0001+2%,OH*,0.021301343411323614
Os-hcp,0001+5%,OH*,-0.15705648848961573
Os-hcp,0001+8%,OH*,-0.38442202271835413
Os-hcp,0001-1%,OH*,0.20803415895352373
Os-hcp,0001-2%,OH*,0.26782137890404556
Ni3Si-fcc,111-3%,OH*,0.1327550900168717
Ni3Si-fcc,111-5%,OH*,0.768817106159986
Ni3Si-fcc,111-5%,OH*,0.2552059092267882
Ni3Si-fcc,111-5%,OH*,0.5816049620698323
Ni3Si-fcc,111-5%,OH*,0.198607727419585
Os-hcp,0001-3%,OH*,0.3263321128397365
Ni3Zr-hcp,0001,OH*,0.27102143765660003
Ni3Zr-hcp,0001,OH*,-0.008073209428403061
Ni3Zr-hcp,0001,OH*,-0.8314968962149578
Ni3Zr-hcp,0001,OH*,-0.8559777537666378
Os-hcp,0001-5%,OH*,0.4587605301858275
Os-hcp,0001,OH*,0.146173023400479
Os-hcp,0001,OH*,0.2227642252764781
Os-hcp,0001,OH*,0.6314951295935316
Pt-fcc,111-3%,OH*,1.535789008376014
Pt-fcc,111-5%,OH*,1.619712997933675
Pt3In-fcc,111,OH*,1.6751239470613655
Pt3In-fcc,111,OH*,0.5803839872824028
Pt3In-fcc,111,OH*,1.1473021491401596
Pt3In-fcc,111,OH*,0.980540720600402
Pt3In-fcc,111,OH*,0.8062024182800087
Pt3In-fcc,111,OH*,1.3848810681301984
Pt3In-fcc,111+2%,OH*,0.5106399859214434
Pt3In-fcc,111+5%,OH*,0.3918054235546151
Pt3In-fcc,111-5%,OH*,0.8905164830212016
Pt3Zn-fcc,111,OH*,1.6396271049743518
Pt3Zn-fcc,111,OH*,0.5581358237759559
Pt3Zn-fcc,111,OH*,1.0784332658877247
Pt3Zn-fcc,111,OH*,0.8894627221816336
Pt3Zn-fcc,111,OH*,0.8131444504761021
Pt3Zn-fcc,111,OH*,1.4095321328859427
NdMg-bcc,101,O*,-5.520314804271038
NdMg-bcc,101,O*,-3.2153046006860677
NdMg-bcc,101,O*,-2.177330444843392
NdMg-bcc,101,O*,-5.809454261583596
NdMg-bcc,101,O*,-5.5701898694751435
NdMg-bcc,101+3%,O*,-5.894526435480657
NdMg-bcc,101+5%,O*,-5.9395665820011345
NdMg-bcc,101-3%,O*,-5.69714539724373
NdMg-bcc,101-5%,O*,-5.614562384693272
NdZn-bcc,101,O*,-5.150213044427801
NdZn-bcc,101,O*,-4.477414163440699
NdZn-bcc,101,O*,-2.832715128621203
NdZn-bcc,101+3%,O*,-5.244223205525486
NdZn-bcc,101+5%,O*,-5.3067813606976415
NdZn-bcc,101-3%,O*,-5.088758719059115
Tc,111,O*,-0.8201324699622887
NdZn-bcc,101-5%,O*,-5.0926650492765475
Ni-fcc,111,O*,-2.757163265530835
Ni-fcc,111,O*,-2.6581656659545843
Ni-fcc,111,O*,-0.9260689723741962
Ni-fcc,111+2%,O*,-2.837541883884114
Ni-fcc,111+5%,O*,-2.9582122622668976
Ni-fcc,111+8%,O*,-3.085576913188561
Ni-fcc,111-1%,O*,-2.7151782771543367
Ni-fcc,111-2%,O*,-2.670033502872684
Ni-fcc,111-3%,O*,-2.6209169549983926
Tc,111,O*,-1.2872071663625206
Ni-fcc,111-5%,O*,-2.5150668486458017
Ni3Al-fcc,111,O*,-2.5533935385974473
Ni3Al-fcc,111,O*,-3.147204030850844
Ni3Al-fcc,111,O*,-2.759660726347647
Ni3Al-fcc,111,O*,-3.0637030422658427
Ni3Al-fcc,111+3%,O*,-3.2936174668284366
Ni3Al-fcc,111-3%,O*,-2.9953070928604575
Ni3Al-fcc,111-5%,O*,-2.9091833350394154
Ni3Fe-fcc,111,O*,-2.584455877513392
Ni3Fe-fcc,111,O*,-3.079597891875892
Ni3Fe-fcc,111,O*,-2.696485008840682
Ni3Fe-fcc,111,O*,-2.942531702312408
Ni3Fe-fcc,111,O*,-1.898004364949884
Ni3Fe-fcc,111+3%,O*,-3.2119788253621664
Ni3Fe-fcc,111+5%,O*,-3.278386030753609
Ni3Fe-fcc,111-3%,O*,-2.9416300531011075
Ni3Fe-fcc,111-5%,O*,-2.819409306132002
Ni3Mn-fcc,111,O*,-2.9401596859825077
Ni3Mn-fcc,111,O*,-3.2706388137157774
Ni3Mn-fcc,111,O*,-2.9398926062567625
Ni3Mn-fcc,111,O*,-3.1996818649204215
Tc,111,O*,-0.11062638456149898
Ni3Si-fcc,111,O*,-2.119372238055803
Ni3Si-fcc,111,O*,-2.9617817155376542
Ni3Si-fcc,111,O*,-2.5334786152016022
Ni3Si-fcc,111,O*,-2.820162925403565
Ni3Si-fcc,111,O*,-1.7014618454995798
Ni3Si-fcc,111+3%,O*,-3.1287581140059046
Ni3Si-fcc,111+5%,O*,-3.2312687032608665
Ni3Si-fcc,111-5%,O*,-2.718227312718227
Ni3Zr-hcp,0001,O*,-2.6674390334737836
Ni3Zr-hcp,0001,O*,-3.764853328051686
Ni3Zr-hcp,0001,O*,-3.0045675349610974
Ni3Zr-hcp,0001,O*,-3.5124608038022416
Ni3Zr-hcp,0001,O*,-2.3263801196808345
Ni3Zr-hcp,0001+3%,O*,-3.889641060930444
Ni3Zr-hcp,0001+5%,O*,-3.9606038601705222
Ni3Zr-hcp,0001-3%,O*,-3.6345263098264695
Ni3Zr-hcp,0001-5%,O*,-3.55255378466245
Os-hcp,0001,O*,-2.918172887817491
Os-hcp,0001,O*,-3.3500255771214142
Os-hcp,0001,O*,-2.154132876152289
Os-hcp,0001+2%,O*,-3.4834282980664284
Os-hcp,0001+5%,O*,-3.5943959133001044
Os-hcp,0001+8%,O*,-3.7202789043731173
Os-hcp,0001-1%,O*,-3.2725622504003695
Os-hcp,0001-2%,O*,-3.1939429840713274
Os-hcp,0001-3%,O*,-3.1146876516504562
Os-hcp,0001-5%,O*,-2.9434860055480385
Os2Y-hcp,0001,O*,-3.3764229324442567
Os2Y-hcp,0001,O*,-3.052002691430971
Os2Y-hcp,0001,O*,-3.0129104091975023
Pd-fcc,111,O*,-1.7921021488236875
Pd-fcc,111,O*,-1.6165153882102459
Pd-fcc,111,O*,-0.2112951712042559
Pd-fcc,111+2%,O*,-1.8773521491075371
Pd-fcc,111+5%,O*,-1.9743018199424114
Pd-fcc,111+8%,O*,-2.091793228402821
Pd-fcc,111-1%,O*,-1.7382591196255817
Pd-fcc,111-2%,O*,-1.6719300108852622
Pd-fcc,111-3%,O*,-1.589875715517337
Pd-fcc,111-5%,O*,-1.4159647679825866
Pd3Y-fcc,111,O*,-1.534907359540739
Pd3Y-fcc,111,O*,-2.4559878049749386
Pd3Y-fcc,111+3%,O*,-2.587014699996871
Pd3Y-fcc,111+5%,O*,-2.667269098370525
Pd3Y-fcc,111-3%,O*,-2.3276499389085075
Pd3Y-fcc,111-5%,O*,-2.280329614481161
Pt-fcc,111,O*,-1.7933216269884724
Pt-fcc,111,O*,-0.3609268975415034
Pt-fcc,111+10%,O*,-2.2992779895139392
Pt-fcc,111+2%,O*,-1.9612829415054875
Pt-fcc,111+2%,O*,-1.526973064232152
Pt-fcc,111+2%,O*,-0.5239550602782401
Pt-fcc,111+5%,O*,-2.118368546165584
Pt-fcc,111+5%,O*,-1.6437591536159744
Pt-fcc,111+5%,O*,-0.7154076903607347
Pt-fcc,111+8%,O*,-2.228896289379918
Pt-fcc,111+8%,O*,-1.6985219275957206
Pt-fcc,111+8%,O*,-0.8154406831090455
Pt-fcc,111-1%,O*,-1.6840476482902886
Pt-fcc,111-1%,O*,-1.2826468104976811
Pt-fcc,111-2%,O*,-1.5672372047192766
Pt-fcc,111-2%,O*,-1.1812863103987183
Pt-fcc,111-2%,O*,-0.20607303453289205
Pt-fcc,111-3%,O*,-1.4512349392389297
Pt-fcc,111-3%,O*,-1.0790094669428072
Pt-fcc,111-3%,O*,-0.14895443499699468
Pt-fcc,111-5%,O*,-1.262753384100506
Pt-fcc,111-5%,O*,-0.11098747954383725
Pt3In-fcc,111,O*,-0.876097034655686
Pt3In-fcc,111,O*,-1.5590162374792271
Pt3In-fcc,111,O*,-1.1775990318274125
Pt3In-fcc,111,O*,-1.2758544409152819
Pt3In-fcc,111,O*,0.8980013823165791
Pt3In-fcc,111+2%,O*,-1.6524363197095226
Pt3In-fcc,111+5%,O*,-1.8221671905193944
Pt3In-fcc,111-2%,O*,-1.4978308966310578
Pt3In-fcc,111-5%,O*,-1.4322771762672346
Pt3Zn-fcc,111,O*,-1.3641825929444167
Pt3Zn-fcc,111,O*,-1.8134659423521953
Pt3Zn-fcc,111,O*,-1.4514365755967447
Pt3Zn-fcc,111,O*,-1.5461860699870158
Pt3Zn-fcc,111,O*,0.5033353620310663
Pt3Zn-fcc,111+3%,O*,-2.0178032987751067
Pt3Zn-fcc,111+5%,O*,-2.15249665563897
Pt3Zn-fcc,111-3%,O*,-1.610107923654141
Pt3Zn-fcc,111-5%,O*,-1.5680410289787687
Re-hcp,0001,O*,-3.6213527346772025
Re-hcp,0001,O*,-4.231658087541291
Re-hcp,0001,O*,-3.1896457623297465
Re2Sm-hcp,0001,O*,-4.026274861585989
Re2Sm-hcp,0001,O*,-3.9063687149246107
Re2Sm-hcp,0001,O*,-3.871734745822323
Re2Sm-hcp,0001,O*,-1.9283947187286685
Rh-fcc,111,O*,-2.5881001621019095
Rh-fcc,111,O*,-2.467094947649457
Rh-fcc,111,O*,-1.181568356390926
Rh-fcc,111+2%,O*,-2.6413789632497355
Rh-fcc,111+5%,O*,-2.748833452773397
Rh-fcc,111+8%,O*,-2.9126140102671343
Rh-fcc,111-1%,O*,-2.5657955349743133
Rh-fcc,111-2%,O*,-2.54495787354972
Rh-fcc,111-5%,O*,-2.5628839169075945
Rh3Ce-fcc,111,O*,-2.8226523588673444
Rh3Ce-fcc,111,O*,-2.87210714424873
Rh3Ce-fcc,111+3%,O*,-2.9346096521258005
Rh3Ce-fcc,111+5%,O*,-2.9820808636795846
Rh3Ce-fcc,111-3%,O*,-2.816742318405886
Rh3Ce-fcc,111-5%,O*,-2.8042773276829394
Rh3Mo-hcp,0001,O*,-1.6859615609719185
Rh3Mo-hcp,0001,O*,-3.5924400950825657
Rh3Mo-hcp,0001,O*,-2.3624537070354563
Rh3Mo-hcp,0001,O*,-3.571815090625023
Rh3Mo-hcp,0001,O*,-3.5371611211594427
RhZn-fcc,101,O*,-2.516801438323455
RhZn-fcc,101,O*,-1.9672853646188742
Ru-hcp,0001,O*,-2.971608018371626
Ru-hcp,0001,O*,-3.449232568309526
Ru-hcp,0001,O*,-1.9973249636605033
Ru-hcp,0001+2%,O*,-2.986381350790907
Ru-hcp,0001+2%,O*,-3.537861406126467
Ru-hcp,0001+5%,O*,-3.0948559950847994
Ru-hcp,0001+5%,O*,-3.6474740304984152
Ru-hcp,0001+8%,O*,-3.260789517269586
Ru-hcp,0001+8%,O*,-3.73559347121045
Ru-hcp,0001-1%,O*,-2.97438330740988
Ru-hcp,0001-1%,O*,-3.3985072834184393
Ru-hcp,0001-2%,O*,-2.9731562100569136
Ru-hcp,0001-2%,O*,-3.3407664955884684
Ru-hcp,0001-3%,O*,-2.9619126023026183
Ru-hcp,0001-3%,O*,-3.2750914124626433
Ru-hcp,0001-5%,O*,-2.90748126298422
Ru-hcp,0001-5%,O*,-3.1244838858983712
Ru2Sm-hcp,0001,O*,-3.472150131856324
Ru2Sm-hcp,0001,O*,-3.564670197571104
Ru3Nb-fcc,111,O*,-3.1886241109095863
Ru3Nb-fcc,111,O*,-3.7244762603295385
Ru3Nb-fcc,111,O*,-3.7837240145890974
Ru3Nb-fcc,111,O*,-3.9918358620561776
Ru3Nb-fcc,111,O*,-2.8979009510585456
Ru3Nb-fcc,111+3%,O*,-4.1905992385945865
Ru3Nb-fcc,111+5%,O*,-4.297695762354124
Ru3Nb-fcc,111-3%,O*,-3.7701278466483927
Ru3Nb-fcc,111-5%,O*,-3.619624403625494
RuV-fcc,101,O*,-4.067749228364846
RuV-fcc,101,O*,-4.996542604494607
RuV-fcc,101,O*,-3.6274961127419374
Sc3In-hcp,0001,O*,-0.8355386030598311
YMg-bcc,101,O*,-2.028772479709005
YMg-bcc,101,O*,-5.716797594730451
YRh-bcc,101,O*,-4.2217891988912015
YRh-bcc,101,O*,-4.067177381133661
YRh-bcc,101,O*,-1.7335108691986534
YRh-bcc,101,O*,-1.6804678546832292
YRh-bcc,101,O*,-4.678943713202898
YRh-bcc,101+3%,O*,-4.817377002684225
YRh-bcc,101+5%,O*,-4.885872001519601
YRh-bcc,101-3%,O*,-4.524991499391035
YRh-bcc,101-5%,O*,-4.426651871064678
YZn-bcc,101,O*,-5.508281930327939
YZn-bcc,101,O*,-4.62800998910825
YZn-bcc,101,O*,-2.845114812022075
YZn-bcc,101,O*,-5.512111660493247
YZn-bcc,101+3%,O*,-5.568301807608805
YZn-bcc,101+5%,O*,-5.597310367331374
YZn-bcc,101-3%,O*,-5.412905893819698
YZn-bcc,101-5%,O*,-5.37751612853026
Zn-hcp,0001,O*,-2.162364727933891
Zn-hcp,0001,O*,-2.2230412159115076
Zn-hcp,0001+2%,O*,-2.3984962734248256
Zn-hcp,0001+5%,O*,-2.5479690852807835
Zn-hcp,0001+8%,O*,-2.7697992798202904
Zn-hcp,0001-1%,O*,-2.173029957746621
Zn-hcp,0001-2%,O*,-2.1332798403163906
Zn-hcp,0001-3%,O*,-2.321257712726947
Zn-hcp,0001-5%,O*,-2.2238809592236066
Zn2Nb-hcp,0001,O*,-4.69692159423721
Zn2Nb-hcp,0001,O*,-3.827898294883198
Zn2Nb-hcp,0001,O*,-3.873337088167318
Zn2Nb-hcp,0001,O*,-3.289732905715937
Zn3Mn-fcc,111,O*,-2.489741621859139
Zn3Mn-fcc,111,O*,-3.1040269117365824
Zn3Mn-fcc,111,O*,-2.1848654130881187
Zn3Mn-fcc,111,O*,-3.115002895530779
Zn3Mn-fcc,111,O*,-2.367274611853645
Zn3Mn-fcc,111+3%,O*,-3.2221066303172847
Zn3Mn-fcc,111+5%,O*,-3.2958788688847562
Zn3Mn-fcc,111-3%,O*,-3.040773913890007
Zn3Mn-fcc,111-5%,O*,-2.9837777655920945
Zn3Nb-fcc,111,O*,-2.3996341174351983
Zn3Nb-fcc,111,O*,-4.477549812188954
Zn3Nb-fcc,111,O*,-1.9223220902495086
Zn3Nb-fcc,111,O*,-4.610307351220399
Zn3Nb-fcc,111,O*,-4.426816635997966
Zn3Nb-fcc,111+3%,O*,-4.662833757611224
Zn3Nb-fcc,111+5%,O*,-4.672301822560257
Zn3Nb-fcc,111-3%,O*,-4.510801579046529
Zn3Nb-fcc,111-5%,O*,-4.43076296694926
Zn3Ti-fcc,111,O*,-2.6461718403588748
Zn3Ti-fcc,111,O*,-4.46706023189472
Zn3Ti-fcc,111,O*,-2.044559572241269
Zn3Ti-fcc,111,O*,-4.619136628956767
Zn3Ti-fcc,111,O*,-4.154125507848221
Zn3Ti-fcc,111+3%,O*,-4.666044564844924
Zn3Ti-fcc,111+5%,O*,-4.681363757626968
Zn3Ti-fcc,111-3%,O*,-4.551567769565736
Zn3Ti-fcc,111-5%,O*,-4.508091189141851
Zn3V-fcc,111,O*,-2.328822341383784
Zn3V-fcc,111,O*,-4.557112905356917
Zn3V-fcc,111,O*,-1.8225821641244693
Zn3V-fcc,111,O*,-4.61201323287969
Zn3V-fcc,111,O*,-4.540157356008422
Zn3V-fcc,111+3%,O*,-4.660359698580578
Zn3V-fcc,111+5%,O*,-4.674521319087944
Zn3V-fcc,111-3%,O*,-4.528844223183114
Zn3V-fcc,111-5%,O*,-4.443033260205993
ZnAu-bcc,101,O*,-1.6065795595714008
ZnAu-bcc,101,O*,-0.03866506351187127
ZnAu-bcc,101,O*,0.7411176861205604
ZnAu-bcc,101,O*,-1.696611144223425
ZnAu-bcc,101,O*,-1.1438726984415553
ZnAu-bcc,101+1%,O*,-1.7167127377106226
ZnAu-bcc,101+3%,O*,-1.7817733877964201
ZnAu-bcc,101+5%,O*,-1.8666459661835688
ZnAu-bcc,101-1%,O*,-1.687785812158836
ZnAu-bcc,101-3%,O*,-1.687432200218609
ZnAu-bcc,101-5%,O*,-1.717327170757926
ZnAu-fcc,101,O*,-1.3182727705934667
ZnAu-fcc,101,O*,-1.230913888059149
ZnCu-bcc,101,O*,-2.3109715375176165
ZnCu-bcc,101+2%,O*,-2.389266172016505
ZnCu-bcc,101+5%,O*,-2.5867155108280713
ZnCu-bcc,101-3%,O*,-2.2714675470342627
ZnCu-bcc,101-5%,O*,-2.23982519749552
ZnRh-bcc,101,O*,-1.5294551506085554
ZnRh-bcc,101,O*,0.18706846797431353
ZnRh-bcc,101,O*,-1.1824193924112478
ZnRh-bcc,101,O*,-1.8215300359588582
ZnRh-bcc,101,O*,-2.2500072891416494
Zr-hcp,0001,O*,-3.6493418198915606
Zr3Al-fcc,111,O*,-5.25872319958944
Zr3Al-fcc,111,O*,-5.96750233290004
Zr3Al-fcc,111,O*,-5.284206252410513
Zr3Al-fcc,111,O*,-2.7309353010896302
Zr3Al-fcc,111-5%,O*,-5.770434497695533
Zr3In-fcc,111,O*,-0.7828305606817594
Zr3In-fcc,111-5%,O*,-5.9248460396665905
ZrCo-bcc,101,O*,-5.248699614225188
ZrCo-bcc,101-3%,O*,-5.035288213701278
ZrCo-bcc,101-5%,O*,-4.889727854613739
ZrOs-bcc,101,O*,-4.856030909519177
ZrOs-bcc,101+2%,O*,-4.9680709253880195
ZrOs-bcc,101+5%,O*,-5.100528322858736
ZrOs-bcc,101-3%,O*,-4.6662779024627525
ZrOs-bcc,101-5%,O*,-4.541412481092266
ZrRu-bcc,101,O*,-5.030342952857609
ZrRu-bcc,101+2%,O*,-5.131949852035177
ZrRu-bcc,101+5%,O*,-5.2427132458360575
ZrRu-bcc,101-3%,O*,-4.849452829585061
ZrRu-bcc,101-5%,O*,-4.730095808648912
ZrZn-bcc,101,O*,-5.504115459290915
ZrZn-bcc,101+2%,O*,-5.615361855139781
ZrZn-bcc,101-3%,O*,-5.371141861869546
ZrZn-bcc,101-5%,O*,-5.533809337699495
CoN4C26-Δz=1.0Å-M,001,O*,0.7955237000000466
WN4C26-Δz=relaxed-M,001,O*,-3.102353409999978
FeN4C26-Δz=0.4Å-M,001,O*,1.7375389700000028
MnN4C26-Δz=0.0Å-M,001,O*,2.1814240799999993
ZrN4C26-Δz=relaxed-M,001,O*,-0.558522929999981
MnN4C26-Δz=0.8Å-M,001,O*,1.9391352600000005
WN4C26-Δz=0.4Å-M,001,O*,-2.3227077699999654
WN4C26-Δz=0.0Å-M,001,O*,-1.3136647599999947
CuN4C26-Δz=relaxed-M,001,O*,3.895742470000016
RuN4C26-Δz=relaxed-M,001,O*,0.37775400999998965
CoN4C26-Δz=0.0Å-M,001,O*,3.2328274099999703
OsN4C26-Δz=relaxed-M,001,O*,-0.10421012000006158
WN4C26-Δz=0.8Å-M,001,O*,-3.324612899999977
MnN4C26-Δz=relaxed-M,001,O*,1.6751561799999877
MoN4C26-Δz=0.8Å-M,001,O*,-2.945639099999994
TiN4C26-Δz=relaxed-M,001,O*,-0.46017641999998204
NiN4C26-Δz=0.2Å-M,001,O*,3.339440209999964
MoN4C26-Δz=0.6Å-M,001,O*,-2.3219455199999857
FeN4C26-Δz=0.6Å-M,001,O*,1.32923495
WN4C26-Δz=0.2Å-M,001,O*,-1.864421400000026
HfN4C26-Δz=relaxed-M,001,O*,-0.7647422300000244
NiN4C26-Δz=1.0Å-M,001,O*,1.8449024699999654
FeN4C26-Δz=1.0Å-M,001,O*,1.2292929600000093
MoN4C26-Δz=relaxed-M,001,O*,-2.7655238199999985
CoN4C26-Δz=0.2Å-M,001,O*,2.7501821899999754
NiN4C26-Δz=0.8Å-M,001,O*,2.350466240000003
NiN4C26-Δz=0.6Å-M,001,O*,2.6468062899999723
MoN4C26-Δz=1.2Å-M,001,O*,-3.1490612700000042
RhN4C26-Δz=relaxed-M,001,O*,2.440755480000007
CoN4C26-Δz=0.4Å-M,001,O*,2.006605480000019
FeN4C26-Δz=relaxed-M,001,O*,1.6939027099999748
FeN4C26-Δz=0.0Å-M,001,O*,2.7478959900000177
FeN4C26-Δz=1.2Å-M,001,O*,1.2276883900000257
MnN4C26-Δz=0.4Å-M,001,O*,1.4188429300000394
MnN4C26-Δz=1.2Å-M,001,O*,2.062156389999984
WN4C26-Δz=1.2Å-M,001,O*,-3.6167989699999907
FeN4C26-Δz=0.2Å-M,001,O*,2.173360489999993
NbN4C26-Δz=relaxed-M,001,O*,-1.9897536500000115
MoN4C26-Δz=1.0Å-M,001,O*,-3.071817210000006
CrN4C26-Δz=relaxed-M,001,O*,1.1712295600000289
MoN4C26-Δz=0.0Å-M,001,O*,-0.8099267299999724
NiN4C26-Δz=1.2Å-M,001,O*,1.4834040200000231
CoN4C26-Δz=0.6Å-M,001,O*,1.2675188199999639
IrN4C26-Δz=relaxed-M,001,O*,2.172813999999903
FeN4C26-Δz=0.8Å-M,001,O*,1.2492445599999655
NiN4C26-Δz=relaxed-M,001,O*,3.3556302399999822
TaN4C26-Δz=relaxed-M,001,O*,-2.3435884099999953
NiN4C26-Δz=0.0Å-M,001,O*,3.748302190000004
VN4C26-Δz=relaxed-M,001,O*,-1.1113560599999914
CoN4C26-Δz=relaxed-M,001,O*,2.2153442500000438
CoN4C26-Δz=1.2Å-M,001,O*,0.6709836900000141
MnN4C26-Δz=0.6Å-M,001,O*,1.6600823400000309
CoN4C26-Δz=0.8Å-M,001,O*,1.1576129500000434
PtN4C26-Δz=relaxed-M,001,O*,3.868857950000006
PdN4C26-Δz=relaxed-M,001,O*,4.1138778399999865
NiN4C26-Δz=0.4Å-M,001,O*,2.8853655300000014
WN4C26-Δz=1.0Å-M,001,O*,-3.4628486299999963
MoN4C26-Δz=0.2Å-M,001,O*,-1.3216880499999775
MoN4C26-Δz=0.4Å-M,001,O*,-1.730971229999966
MnN4C26-Δz=0.2Å-M,001,O*,1.700880340000026
ReN4C26-Δz=relaxed-M,001,O*,-2.3286909200000423
MnN4C26-Δz=1.0Å-M,001,O*,2.073809640000036
WN4C26-Δz=0.6Å-M,001,O*,-2.744462580000004
TcN4C26-Δz=relaxed-M,001,O*,-1.493822259999888
HfO2-rutile,100,O*,4.429426540000009
HfO2-rutile,110,O*,4.471249029999996
HfO2-rutile,110,O*,3.2750486699999897
MnO-Fm3m,100,O*,6.709329929999996
MnO-Fm3m,100,O*,7.185273389999992
PdO2-rutile,100,O*,3.5204086000000103
PdO2-rutile,110-lc,O*,3.9305270799999903
PdO2-rutile,110-lc,O*,2.8545618800000057
PdO2-rutile,110,O*,3.873788310000009
PdO2-rutile,110,O*,2.9542156900000123
ZrO2-rutile,100,O*,4.577358619999984
ZrO2-rutile,110,O*,4.644526559999974
ZrO2-rutile,110,O*,3.2161571999999694
CoO-Fm3m,100,O*,7.02947789000001
CoO-Fm3m,100,O*,7.010975550000012
In2O3-corundum,012,O*,4.128877860000017
In2O3-corundum,012,O*,3.3297811399999944
FeO2-rutile,100,O*,4.525998889999997
FeO2-rutile,110,O*,4.7115982999999915
FeO2-rutile,110,O*,3.5568857699999796
FeO-Fm3m,100,O*,6.546380940000063
FeO-Fm3m,100,O*,4.724979940000026
RuO2-rutile,100,O*,1.8274376099999756
RuO2-rutile,110,O*,1.625445419999977
RuO2-rutile,110,O*,3.50397492999997
PdPt,101,O*,4.009358910000003
PdPt,101,O*,3.689982409999999
PtO2-rutile,100,O*,2.594336840000011
PtO2-rutile,110-lc,O*,2.8957549900000004
PtO2-rutile,110-lc,O*,3.3314858100000038
PtO2-rutile,110-lc-Ovac,O*,-4.782061359999943
PtO2-rutile,110,O*,2.7252547499999764
PtO2-rutile,110,O*,3.5109293099999945
CuO,111,O*,3.7525831600000146
CuO,111,O*,3.221765650000009
Mo16O51,001,O*,4.728748080000059
Mo16O51,001,O*,3.5152640500000416
NiO-Fm3m,100,O*,7.169290639999986
Au2O3-corundum,100,O*,3.163820410000028
Au2O3-corundum,100,O*,2.8680884300000002
WO3,001,O*,4.560489900000107
WO3,001,O*,4.032210060000125
CrO2-rutile,100,O*,3.403052669999994
CrO2-rutile,110,O*,3.2340354399999853
CrO2-rutile,110,O*,3.310580509999994
Fe2O3-corundum,012,O*,4.280780579999998
Fe2O3-corundum,012,O*,3.2837581299999954
Ga2O3-corundum,012,O*,4.304232200000001
Ga2O3-corundum,012,O*,3.383486199999993
Nb2O5-C12c,100-lc,O*,-0.9054267500000037
Nb2O5-C12c,100-hc,O*,3.246516989999975
Nb2O5-C12c,100-hc,O*,3.113976579999985
TiO2-rutile,100,O*,4.503489049999985
TiO2-rutile,110,O*,4.549364330000003
TiO2-rutile,110,O*,3.51361098000001
Ti2O3-corundum,012,O*,-0.7132847200000185
Ag2O,110,O*,4.903922729999977
Ag2O,110,O*,3.5722201999999754
Co2O3-corundum,012,O*,2.7621376600000076
Co2O3-corundum,012,O*,3.475544749999983
V2O5-C12c,100-lc,O*,1.6069614799999954
V2O5-C12c,100-hc,O*,3.9347037
V2O5-C12c,100-hc,O*,2.9864113799999927
RhO2-rutile,100,O*,2.6952608900000143
RhO2-rutile,110,O*,2.541768879999978
RhO2-rutile,110,O*,3.4398766599999817
Y2O3-corundum,012,O*,4.3766078900000025
Y2O3-corundum,012,O*,2.83349518
IrO2-rutile,100,O*,1.5364246399999786
IrO2-rutile,110,O*,1.4617940899999837
IrO2-rutile,110,O*,3.582648169999999
PdO,101,O*,2.74330753000001
PdO,101,O*,3.3684790000000078
La2O3-corundum,012,O*,4.328493899999984
La2O3-corundum,012,O*,2.523930919999998
Sc2O3-corundum,012,O*,4.510558680000031
Sc2O3-corundum,012,O*,3.0446993600000383
PdO2-rutile-supercell,110-lc-Ovac,O*,-3.642133269999988
PtO,101,O*,1.9102643599999993
PtO,101,O*,3.6207553200000007
TiO-Fm3m,100,O*,0.2072470700000224
AgO,111,O*,3.858040239999994
AgO,111,O*,3.125409899999994
MnO2-rutile,100,O*,4.015549669999984
MnO2-rutile,110,O*,4.094782609999982
MnO2-rutile,110,O*,3.60310278999998
PdO-OH-covered-square-planar,101,O*,4.0686119399999825
PdO-OH-covered-square-planar,101,O*,3.5000564399999803
PdPt,110-lc,O*,3.7628363000000036
PdPt,110-lc,O*,3.1181650900000477
PdPt,110-lc-Ovac,O*,-3.9909428899999853
HEO-3-Mn3.0Zn2.0Cr3.0Fe2.0Co3.0Ni3.0,100,O*,2.68578844999999
Zn-HESO50-MnNiFeCrZn,100,O*,3.3384260899999845
Zn-HESO111-MnNiFeCrZn,100,O*,3.2359938699999873
Zn-HESO45-MnNiFeCrZn,100,O*,2.9784590799999933
local-impurity-Zn-HESO8-MnNiFeCrZn,100,O*,3.27100544999999
Zn-HESO32-MnNiFeCrZn,100,O*,3.3036609799999894
Zn-HESO5-MnNiFeCrZn,100,O*,3.2695810399999914
Zn-HESO2-MnNiFeCrZn,100,O*,3.3287306
Zn-HESO35-MnNiFeCrZn,100,O*,3.370168059999969
HEO-5-Fe3.0Zn2.0Cr3.0Mn3.0Co3.0Ni2.0,100,O*,2.7379105299999935
Zn-HESO97-MnNiFeCrZn,100,O*,2.6344042399999807
Zn-HESO103-MnNiFeCrZn,100,O*,3.302538249999998
HEO-19-Co3.0Zn2.0Cr3.0Mn3.0Fe3.0Ni2.0-Mn-site,100,O*,3.600212209999995
Zn-HESO69-MnNiFeCrZn,100,O*,3.445924109999993
HEO-19-Co3.0Zn2.0Cr3.0Mn3.0Fe3.0Ni2.0-Co-site,100,O*,1.7596040399999708
Zn-HESO11-MnNiFeCrZn,100,O*,3.666228520000004
Zn-HESO19-MnNiFeCrZn,100,O*,3.2866356199999984
Zn-HESO109-MnNiFeCrZn,100,O*,2.5429799300000013
HEO-19-Co3.0Zn2.0Cr3.0Mn3.0Fe3.0Ni2.0-Cr-site,100,O*,2.4697659599999895
HEO-43-Ni3.0Zn2.0Cr3.0Mn3.0Fe3.0Co2.0,100,O*,3.346009119999991
Rh,111,O*,1.12224844494
IrO2,110,O*,1.45956957753
Rh,111,O*,5.70031162187
Rh,111-(1x1),O*,-4.23991619454
Rh,111-(4x4),O*,-5.02024452627
Rh,111-(2x2),O*,-4.9146267968
Cu,111,O*,7.33365221042
CaO3Si,001,O*,3.4252785361786664
CaO3Si,001,O*,1.1324587626877474
RuSrO3,001,O*,1.9431415366052533
RuSrO3,001,O*,-0.34967823688930366
MoSrO3,001,O*,-0.8935542647523107
MoSrO3,001,O*,-3.1863740382468677
ReSrO3,001,O*,-1.6007516310928622
ReSrO3,001,O*,-3.8935714045874192
SrTiO3,001,O*,3.6721586570711224
SrTiO3,001,O*,1.3793388835765654
HfSrO3,001,O*,4.17165846023272
SrZrO3,001,O*,4.147627609905612
SrZrO3,001,O*,1.8548078364110552
CaLaO3,001,O*,3.0361334166373126
CaLaO3,001,O*,0.7433136431427556
AuLaO3,001,O*,4.145227293629432
AuLaO3,001,O*,1.852407520134875
LaZnO3,001,O*,5.145361410628539
LaZnO3,001,O*,2.8525416371339816
Ti,111,O*,-3.567977488411998
Ti,111,O*,-5.924032200950023
Y,111,O*,-3.654915346582129
RuO2,110,O*,1.3736950722450274
RuO2,110,O*,-0.9823596402929979
Fe,111,O*,-0.6750802447786555
Fe,111,O*,-3.031134957316681
Ru,111,O*,0.3545885653293226
Ru,111,O*,-2.0014661472087028
PtO2,110,O*,2.828165508341044
PtO2,110,O*,0.47211079580301885
V,111,O*,-0.9925615967149497
V,111,O*,-3.348616309252975
Mn,111,O*,-0.1705193960951874
Mn,111,O*,-2.5265741086332127
Nb,111,O*,-5.082552091647813
Zr,111,O*,-3.5102945902981446
Cu,111,O*,2.457869170961203
Cu,111,O*,0.10181445843772963
Re,111,O*,-0.40570542425848544
Re,111,O*,-2.761760136796511
MoO2,110,O*,-0.4818495464132866
MoO2,110,O*,-2.837904258951312
Sc,111,O*,-1.1161342106206575
Sc,111,O*,-3.472188923158683
Au,111,O*,2.338586908132129
Au,111,O*,-0.01746780440589646
Rh,111,O*,1.7804456177836983
Rh,111,O*,-0.5756090947543271
Co,111,O*,-0.4749035682907561
Co,111,O*,-2.8309582808287814
Pb,111,O*,-0.280182094189513
Mo,111,O*,-0.7184034909150796
Mo,111,O*,-3.074458203453105
Mn,111,O*,-1.1273353690921795
Mn,111,O*,-3.483390081630205
Cr,111,O*,-0.9534140056493925
Cr,111,O*,-3.309468718187418
Pt,111,O*,1.1299494988343213
Pt,111,O*,-1.226105213703704
Ni,111,O*,-0.11172321221965831
Ni,111,O*,-2.4677779247576836
Au,111,O*,3.6369820914405864
Au,111,O*,1.280927378902561
GeO2,110,O*,4.863862489481107
GeO2,110,O*,2.507807776943082
Zr,111,O*,-2.727909990149783
Os,111,O*,1.009946814563591
Os,111,O*,-1.3461078979744343
Cu,111,O*,1.087534908845555
Cu,111,O*,-1.2685198036779184
PbO2,110,O*,5.276337426061218
PbO2,110,O*,2.920282713523193
Ru,111,O*,0.05543537376797758
Ru,111,O*,-2.3006193387700478
W,111,O*,-3.858993115274643
Pd,111,O*,1.196418885141611
Pd,111,O*,-1.1596358273964142
Zn,111,O*,2.392467763478635
Zn,111,O*,0.03641305095516145
RhO2,110,O*,2.6615265918007935
Rh,111,O*,0.5485124056940549
Rh,111,O*,-1.8075423068439704
Nb,111,O*,-4.215570696796931
Ag,111,O*,3.3812990194710437
Ag,111,O*,1.0252443069330184
Rh,111,O*,0.548581726696284
Rh,111,O*,-1.8074729858417413
Pd,111,O*,2.6660517090640496
Pd,111,O*,0.3099969965260243
Sn,111,O*,0.4321436658356106
Sn,111,O*,-1.9239110467024148
Ti,111,O*,-1.0649317718780367
Ti,111,O*,-3.420986484416062
Au,111,O*,2.3380398232402513
Os,111,O*,0.6689582953840727
Os,111,O*,-1.6870964171539526
Cd,111,O*,0.7888056706869975
Cd,111,O*,-1.5672490418510279
Sc,111,O*,-3.1359424640322686
Sc,111,O*,-5.491997176570294
Ag,111,O*,1.94640683477337
Ag,111,O*,-0.4096478777646553
Mn,111,O*,-1.3417416271549882
Mn,111,O*,-3.6977963396930136
Y,111,O*,-3.655927406020055
Ni,111,O*,0.42796100382111035
Ni,111,O*,-1.928093708716915
Fe,111,O*,-0.6741727450862527
Fe,111,O*,-3.030227457624278
Mo,111,O*,-1.8476802562800003
Mo,111,O*,-4.203734968818026
V,111,O*,-2.718020284366503
V,111,O*,-5.074074996904528
Fe,111,O*,0.8284900743456092
Fe,111,O*,-1.5275646381924162
Zr,111,O*,-0.7990094638880691
Zr,111,O*,-3.1550641764260945
Re,111,O*,-0.7006492866785266
Re,111,O*,-3.056703999216552
WO2,110,O*,-1.3783578791262698
WO2,110,O*,-3.734412591664295
Ir,111,O*,1.5205953262775438
Ir,111,O*,-0.8354593862604816
Ir,111,O*,0.6303123461984796
MnOOH-layered-Heterogenite,110,O*,1.0641329299999995
MnOOH-layered-Heterogenite,110,O*,2.924194919999991
VO2-layered-CdI2,101,O*,2.1699109400000225
VO2-layered-CdI2,101,O*,1.9502482099999838
TiO2-layered-CdI2,101,O*,3.92065142
FeO2-layered-CdI2,101,O*,4.254111860000023
FeO2-layered-CdI2,101,O*,4.198231219999997
TiO2H2-layered-Brucite,101,O*,-0.22143718999998896
TiO2H2-layered-Brucite,101,O*,-0.7951336300000094
MnO2H2-layered-Brucite,101,O*,2.8677099299999895
CrO2H2-layered-Brucite,101,O*,2.9161297400000024
CrO2H2-layered-Brucite,101,O*,0.7387862699999914
MnO2-layered-CdI2,101,O*,3.6978422599999874
MnO2-layered-CdI2,101,O*,3.6905765200000076
NiO2H2-layered-Brucite,101,O*,4.375241430000017
NiO2H2-layered-Brucite,101,O*,3.868355710000003
CrOOH-layered-Heterogenite,110,O*,2.6011027299999796
CrOOH-layered-Heterogenite,110,O*,2.094305250000019
FeOOH-layered-Heterogenite,110,O*,3.0913232300000004
CoOOH-layered-Heterogenite,110,O*,2.880509410000002
CoOOH-layered-Heterogenite,110,O*,2.3472444699999926
NiO2-layered,101,O*,3.4282309300000122
NiO2-layered,101,O*,3.7793841700000144
VOOH-layered-Heterogenite,110,O*,1.2817223999999783
VOOH-layered-Heterogenite,110,O*,1.643963350000007
W,111,O*,-1.1796277765608352
ScAg-bcc,101+3%,O*,-5.774547362307203
ScAg-bcc,101,O*,-5.714714019068197
ScAg-bcc,101,O*,-3.5456724338691856
ScAg-bcc,101,O*,-3.923919513297733
ScNi-bcc,101-3%,O*,-5.071043699979782
ScNi-bcc,101-5%,O*,-4.981739883791306
ScAg-bcc,101+5%,O*,-5.812439078286843
ScPd-bcc,101,O*,-5.110307958162593
ScPd-bcc,101,O*,-3.5430756515015673
ScPd-bcc,101,O*,-2.8927722854896274
ScPd-bcc,101,O*,-5.168492835771758
ScPd-bcc,101,O*,-3.4090519667770423
ScPd-bcc,101+3%,O*,-5.245356423605699
ScAg-bcc,101-3%,O*,-5.646152624449314
ScPd-bcc,101+5%,O*,-5.287621281084284
ScPd-bcc,101-3%,O*,-5.091977825766662
ScPd-bcc,101-5%,O*,-5.033101098724728
ScPt-bcc,101,O*,-4.456183161470108
ScPt-bcc,101,O*,-2.9111433710277197
ScPt-bcc,101,O*,-2.429882019641809
ScPt-bcc,101,O*,-4.661814011000388
ScPt-bcc,101,O*,-2.8159010784802376
ScAg-bcc,101-5%,O*,-5.612457448092755
ScPt-bcc,101+3%,O*,-4.75390236810199
ScPt-bcc,101+5%,O*,-4.808866778432275
ScPt-bcc,101-3%,O*,-4.564715902066382
ScPt-bcc,101-5%,O*,-4.467637385336275
ScCo-bcc,101,O*,-4.663967655978922
ScRh-bcc,101,O*,-4.5408151912124595
ScRh-bcc,101,O*,-3.595913220058719
ScRh-bcc,101,O*,-2.0889735848031705
ScRh-bcc,101,O*,-1.4783850974854431
ScRh-bcc,101,O*,-4.788684231076331
ScRh-bcc,101+3%,O*,-4.921505036589224
ScCo-bcc,101,O*,-5.196244637721975
Au3Bi,111,O*,1.9207495444387064
Au3Bi,111,O*,1.794283549435761
Au3Bi,111,O*,1.8635287661380175
Au3Bi,111,O*,2.0213158802360454
Ru3V,111,O*,-0.22644796636103592
Pd3Ga,111,O*,1.872554782133932
Tc3Mo,111,O*,-0.8883910018595884
GaZr,101,O*,-2.0265936641628173
AgRh,101,O*,1.5495366076391406
GaHf,101,O*,-0.5184521021621435
Ir3Mo,111,O*,-0.09002178856115961
Re3Cr,111,O*,-1.3057736295597238
Ru3V,111,O*,-0.6746489830622409
Pd3Ga,111,O*,1.8072686857374833
Tc3Mo,111,O*,-1.346655060359069
Tl3Cu,111,O*,1.3227751662378182
Re3Cr,111,O*,-1.1272847748625168
Ru3V,111,O*,-0.8471531020624639
Pd3Ga,111,O*,1.1762961507373006
Tc3Mo,111,O*,-1.0812304601606115
Os3Re,111,O*,-0.21667799116420383
Mo3Cd,111,O*,-1.48652266175867
Re3Cr,111,O*,-1.519529118060916
Ru3V,111,O*,-1.1719572956610023
Pd3Ga,111,O*,1.2190274113343662
Tc3Mo,111,O*,-1.460555518559147
Mo3Cd,111,O*,-1.8850265756593103
GaZr,101,O*,-0.5914044616621936
Hf3In,111,O*,-3.7430937448627333
In3Hf,111,O*,1.2216017443386704
La3Sn,111,O*,-3.2385816266616416
Ti3Nb,111,O*,-3.557906535963582
Ag3Rh,111,O*,2.251365953637844
Hf3In,111,O*,-3.4809434905620833
Ag3Tc,111,O*,2.038906135141417
La3Sn,111,O*,-2.8318153842594143
Ru3Zn,111,O*,3.1135568825373525
Ti3Nb,111,O*,-3.335569257364284
Ag3Co,111,O*,2.097665445038558
Ag3Rh,111,O*,2.725447989538054
Ti3Nb,111,O*,-3.2457286965620256
Ag3Co,111,O*,2.4123320376345987
Ag3Rh,111,O*,1.0652422754390614
Ti3Nb,111,O*,-3.078586580763101
Ag3Co,111,O*,0.4040523150359263
Ag3Rh,111,O*,1.004087547440406
Ag3Co,111,O*,0.40736013083716216
Cd3W,111,O*,1.8411840021397552
Rh3Pt,111,O*,0.41654846273723933
Pd3Pb,111,O*,1.8263857714371738
AgRh,101,O*,0.52346471113907
Rh3Pt,111,O*,0.6261895900386776
Ag3Sn,111,O*,1.9989992801382073
Ru3Cd,111,O*,-0.5003331300615059
Nb3Pt,111,O*,-2.7505240959619073
Rh3Pt,111,O*,0.876051183436914
Cu3Ga,111,O*,1.1364580045372463
Ag3Sn,111,O*,2.087669479234876
Ru3Cd,111,O*,-0.8340189833617728
Nb3Pt,111,O*,-2.5233226464626455
Rh3Pt,111,O*,0.9548714058362862
Ti3Mo,111,O*,-3.6529066472614318
Cu3Ga,111,O*,1.1334676095464715
Ag3Sn,111,O*,1.3526678237356577
Ti3Mo,111,O*,-3.5497059773626347
Ag3Sn,111,O*,1.2876802362405328
Os3Nb,111,O*,0.02085017863629446
Ti3Mo,111,O*,-2.9394294685591262
Os3Nb,111,O*,-0.7718261409647198
MnMo,101,O*,-1.586783958060721
Ti3Mo,111,O*,-2.873618600559155
Os3Nb,111,O*,-0.8107124330637703
Ag3Ir,111,O*,2.3213601636342105
MnMo,101,O*,-1.639963845860791
Al3Tl,111,O*,3.615446775918656
Nb3La,111,O*,-2.287484711862078
Os3Nb,111,O*,-1.010345893562942
MnMo,101,O*,-1.7279978427615674
CdTi,101,O*,-2.739338448562364
CoZr,101,O*,0.5912858201371023
CdTi,101,O*,-1.1795262780617009
AgRh,101,O*,1.345236802935517
CoZr,101,O*,-0.4806267818605079
Os3Ru,111,O*,0.8020714581396646
CdTi,101,O*,-1.2839420723614126
Sc3Mo,111,O*,-3.5556247253627475
Zr3Cr,111,O*,-3.438349783464389
La3Cr,111,O*,-2.916825652159048
Os3Ru,111,O*,1.4786182990390557
Sc3Mo,111,O*,-3.5509741638636
Zr3Cr,111,O*,-3.2398943037625827
La3Cr,111,O*,-2.6292478561592247
IrV,101,O*,-0.6623287568619958
Sc3Mo,111,O*,-2.8735738378638302
Pb3Nb,111,O*,1.5090362724366173
Zr3Cr,111,O*,-2.9969641300633043
La3Cr,111,O*,-2.797473529259321
Os3Pt,111,O*,0.7876958200320701
IrV,101,O*,-1.7260149492614687
CrZr,101,O*,-2.6865553027639066
Sc3Mo,111,O*,-2.873407984461835
Y3Re,111,O*,-3.4907578203639673
Pb3Nb,111,O*,1.1471492212365888
Zr3Cr,111,O*,-2.827652042462603
Os3Pt,111,O*,2.624055379932372
IrV,101,O*,-1.5982889311637223
CrZr,101,O*,-2.6081678774609713
CrZr,101,O*,-1.2659334424608346
Re3Ti,111,O*,-1.0644075661622878
Y3Re,111,O*,-3.4956377738637343
CrZr,101,O*,0.020285270336728445
GaLa,101,O*,-2.3857738629632763
Re3Ti,111,O*,-1.441898577362906
Y3Re,111,O*,-2.495274240362221
IrV,101,O*,-0.7893797965627414
Re3Ti,111,O*,-1.7764803653628292
Y3Re,111,O*,-2.562014241062741
Ti3Ir,111,O*,-3.600102276563291
CdNi,101,O*,0.9059524126385554
Re3Ti,111,O*,-1.7895071351633192
Ti3Ir,111,O*,-3.4050459068641317
OsRe,101,O*,-0.6411490483625926
TcZr,101,O*,-2.0740134462614037
TcZr,101,O*,-2.2218516702634474
Pd3Ta,111,O*,2.2438039099395723
Tl3Pb,111,O*,1.3810043983392575
Sn3Hg,111,O*,0.3624583542367077
Ag3Cr,111,O*,1.972744240334407
Tl3Pb,111,O*,0.8608836942401581
Sn3Hg,111,O*,0.5870179866395233
Ag3Cr,111,O*,2.5960322805365763
Tl3Pb,111,O*,0.962231404940951
Al3Tl,111,O*,-1.7097875765713866
Ag3Pt,111,O*,2.3898151616411383
Al3Tl,111,O*,-1.4865093282516568
Ti3Zr,111,O*,-3.16084904316466
Os3Zn,111,O*,0.35573918323990483
Ir3Hg,111,O*,0.309503368538401
Tl3Ir,111,O*,2.1040305959393777
Cr3Rh,111,O*,-2.0252190810608113
Ag3Pt,111,O*,2.828477091639627
W3Y,111,O*,-1.4776479410613206
Tl3Ir,111,O*,1.969593978439491
Fe3Zr,111,O*,-0.9045994626614515
Mo3Ga,111,O*,2.9469441643339565
MoRu,101,O*,-1.0936776273630926
La3V,111,O*,-2.869638799660777
Ir3Hg,111,O*,0.697913627736682
Nb3Hg,111,O*,-1.0140666421613673
Cr3Rh,111,O*,-2.2494309519608464
La3V,111,O*,-2.663932846659179
Ag3Pt,111,O*,1.674498221243823
CrRe,101,O*,-1.4511450055617274
W3Al,111,O*,-1.7624899045587767
W3In,111,O*,-0.48484264155939627
Hg3Ta,111,O*,2.5024177729354165
W3Al,111,O*,-1.1247002376587147
Au3Ti,111,O*,3.3341320880388707
Cu3Re,111,O*,-1.4511871832621068
Pd3Cu,111,O*,2.724342935132711
Au3Ti,111,O*,-1.407177395860515
Pd3Cu,111,O*,2.723777210532546
Cd3Hf,111,O*,-1.7032508579615637
Cr3Ag,111,O*,3.154381985735938
La3In,111,O*,1.2446869299381547
Au3Mo,111,O*,3.489009216838724
Hf3Al,111,O*,0.18957300373568842
Au3Mo,111,O*,-1.6725723355595505
Ag3Sc,111,O*,-0.5936630065663735
Al3Pd,111,O*,3.4573940786684147
Cr3Au,111,O*,2.9729062734402874
Pt3Hg,111,O*,4.449961822738089
Ir3Au,111,O*,3.6292336957374687
Pd3Zn,111,O*,2.948027041234866
Hf3W,111,O*,-0.8643587239604926
Tl3Cr,111,O*,-1.2059649946606328
V3Hf,111,O*,-1.2786648326620593
GaTc,101,O*,-0.10583486796184616
Mo3Hf,111,O*,-0.3468271829626133
V3Hf,111,O*,-0.2596608209607325
GaTc,101,O*,-0.41225559485991425
Mo3Pt,111,O*,-0.8026351418595254
Ir3Re,111,O*,-0.48875727126159063
In3Zr,111,O*,-0.5399124960642325
Mo3Pt,111,O*,2.3606260545382725
Ir3V,111,O*,-0.4038510868633125
Hg3Rh,111,O*,2.288974807139141
Pt3Mo,111,O*,-1.1493892622603994
Ag3Hg,111,O*,3.6276271355343965
Au3Os,111,O*,-0.2743325188641279
W3Sn,111,O*,-0.490748872460415
Zr3Ru,111,O*,0.7799026157406956
Zn3Re,111,O*,-0.29983121826461456
Mo3Zn,111,O*,-0.6377889865654538
Au3Cr,111,O*,3.539122653739298
In3Nb,111,O*,-0.9993149427611456
Au3Cr,111,O*,-1.1691692172609578
Os3Ta,111,O*,0.39601774583917404
Fe3Sn,111,O*,3.202871719436928
W3Pd,111,O*,-1.057550025361877
Co3Nb,111,O*,-0.5726740498614049
Hf3Ga,111,O*,1.1513815437390917
Fe3W,111,O*,-0.8562758544614439
Os3Ta,111,O*,-0.1973162751639279
W3Pd,111,O*,2.8816654149375722
Ir3Ti,111,O*,0.17267350983803453
Tc3Pd,111,O*,0.0010453252360207443
Tc3Pd,111,O*,2.824016737638715
Rh3Mn,111,O*,-4.536327353770503
IrPd,101,O*,0.4587681493392779
IrPd,101,O*,0.5705798617380538
IrPd,101,O*,1.1517071279375273
Cu3Ta,111,O*,-1.9031467722635966
Co3Cu,111,O*,2.6042464449381555
PtRh,101,O*,1.3208207085370418
Zn3Mo,111,O*,-0.9186100599583256
Ag3Al,111,O*,0.6958319568400952
BiPt,101,O*,-1.6324046595736945
CoPd,101,O*,-4.421379665375753
CoZr,101,O*,-5.699006111562085
Ir3Ta,111,O*,-0.39545719126198264
AuRu,101,O*,-1.4393200265667474
CoOs,101,O*,-5.4981150769717715
BiHg,101,O*,-2.193658227563901
AgBi,101,O*,-2.0703212695634647
CdTl,101,O*,-2.7291186689662936
CoIr,101,O*,-4.156950593777765
GaTc,101,O*,-5.562263737560897
Zn3Tl,111,O*,-4.677958525161557
In3Ru,111,O*,-3.642321827163869
Cu3Sn,111,O*,-2.790540204773606
Bi3Ta,111,O*,-1.713297844963563
Pd3Os,111,O*,-5.203742870759925
FeZn,101,O*,-5.405156635967614
Bi3Pt,111,O*,-2.586802859365889
Ir3La,111,O*,-5.561489573764447
Ir3Zr,111,O*,-5.661352631364025
Ir3Ta,111,O*,-5.835791479764339
Rh3Y,111,O*,-5.6543865171597645
Rh3Sc,111,O*,-5.657169425362554
Rh3Zr,111,O*,-5.903247955965526
Rh3Ti,111,O*,-5.979628133759434
Ir3Mo,111,O*,-5.901692553362409
Ir3W,111,O*,-0.8868400890643784
Hg3Ir,111,O*,-1.3070599117681923
Cd3Ru,111,O*,-3.2398526703591415
Cd3Rh,111,O*,-2.1340048875690627
Cd3Fe,111,O*,-4.732233807165358
Cd3Pt,111,O*,-2.52603630176327
Cd3Cu,111,O*,-3.0380960415614027
Hg3Ag,111,O*,-1.08984095836513
Hg3Os,111,O*,-3.893332693366574
Hg3Pd,111,O*,0.2592880250331291
Tl3Cd,111,O*,1.0218033828385273
Pb3Hf,111,O*,-1.6391736272600497
Pb3Hf,111,O*,-1.1152240092598618
Pb3Y,111,O*,-0.4099520151614229
Pb3Sn,111,O*,0.7829395423357823
Pb3Y,111,O*,-0.30408667046157234
NbPt3,211,O*,-3.78038
Pb3Sn,111,O*,0.849555186938062
Pb3Sc,111,O*,-0.7538145178625086
Pb3Sn,111,O*,0.6912358181360219
Pb3Sc,111,O*,-0.7580282006603625
Pb3La,111,O*,-0.34811292076136624
Pb3Sc,111,O*,-0.6691343239619414
Pb3La,111,O*,-0.3150268712635693
Pb3La,111,O*,-0.27281208276343705
Pb3V,111,O*,-1.601182997859894
Pb3Zr,111,O*,-1.4893273391609796
Pb3Ti,111,O*,-1.5814816838612273
Pb3Ti,111,O*,-1.1930597237589495
Pb3Os,111,O*,-0.1551935971621674
PbPt3,211,O*,-1.4785
Pb3Tc,111,O*,1.1659175929378875
Pb3Mo,111,O*,1.452177949737063
Pb3Re,111,O*,1.380957458637397
Pb3Rh,111,O*,1.5680452467384498
ZnAg3,211,O*,-1.47952
Pb3Re,111,O*,1.0428798241371737
Pb3Ru,111,O*,1.31996246143882
Pb3W,111,O*,1.0998795099365566
InAu3,211,O*,-1.48126
Pb3Au,111,O*,0.9168496195377998
Pb3Pt,111,O*,1.0883701830351242
Pb3Pd,111,O*,1.1562523814389465
Pb3Au,111,O*,0.9322632357396401
SnPd,211,O*,-1.49716
Pb3Pd,111,O*,1.1358930961394549
Pb3Mn,111,O*,1.084087519338766
GeIr3,211,O*,-2.88392
Pb3Mn,111,O*,-0.026995733660612586
Pb3Mn,111,O*,0.07866321263992404
Pb3Cu,111,O*,1.0143222931399691
RuRu3,211,O*,-2.7805
AgNi3,211,O*,-2.89826
RhRu3,211,O*,-2.90129
AlCu3,211,O*,-2.87858
PtFe3,211,O*,-3.05858
Pb3Cu,111,O*,0.5989299059399968
Pb3Ag,111,O*,1.0077624447365565
MoIr3,211,O*,-2.882
Au,311,O*,0.47
Pb3Ag,111,O*,1.0764958153375233
GeCu3,211,O*,-2.00962
Ru,111,O*,-4.87
Pb3Ga,111,O*,1.1286420787399152
Pb3Tl,111,O*,0.8272637573389261
Pb3Zn,111,O*,0.7926295160394261
Pb3Zn,111,O*,0.5086474323359766
Sn3La,111,O*,-0.24244894036036158
Sn3Sc,111,O*,-0.373144128661977
Pb3In,111,O*,1.1139635779362038
Sn3La,111,O*,-0.2316435718605021
Sn3Y,111,O*,-0.19046349625949688
Sn3Zr,111,O*,-1.0322871126629138
Pb3Hg,111,O*,1.2089981116367312
Sn3Y,111,O*,-0.21538749116024292
Sn3Zr,111,O*,-0.5921233864611963
Pb3Hg,111,O*,1.11162244663484
Sn3Y,111,O*,-0.18030249345991933
Rh,111,O*,4.49734053227
Sn3Hf,111,O*,-0.8900742980624159
Sn3W,111,O*,0.9407716912390356
Sn3Mo,111,O*,1.021470043338752
Sn3Mo,111,O*,-0.5283537804609182
Sn3Mo,111,O*,-0.6046464734610595
Sn3Tc,111,O*,1.2331363778355922
Sn3Tc,111,O*,0.16326694263608488
Sn3Ta,111,O*,0.758134052939397
Sn3Ta,111,O*,-0.9849990337608574
Sn3V,111,O*,-1.1382596701625403
Sn3Ru,111,O*,1.2250316032403248
Sn3Ni,111,O*,0.482837570841923
Sn3Fe,111,O*,0.1713398799363972
Sn3Au,111,O*,0.9093089368359983
Sn3Ir,111,O*,1.4967248899372976
Sn3Pd,111,O*,0.9704010786406911
Sn3Au,111,O*,0.5960648193357088
Sn3Pt,111,O*,1.082590621139218
Sn3Pd,111,O*,0.8420023951401276
Sn3Au,111,O*,0.8538911848370958
Sn3Pt,111,O*,0.9052918563391472
Sn3Pd,111,O*,2.6826506052382797
Sn3Al,111,O*,0.8337890471410105
Sn3Pt,111,O*,2.2293535767383332
Sn3Cd,111,O*,0.4649931616366416
CoIr3,211,O*,-2.8694
Sn3Cu,111,O*,0.3546939940386551
Bi3Hf,111,O*,-1.5463433517617773
Bi3Nb,111,O*,-1.9338300565615896
BiSn,101,O*,0.8076946906365379
ZnRu,211,O*,-3.01662
Ir,111,O*,0.938815539347
Pd,111,O*,-1.63
NbNb3,211,O*,-4.89111
TiZn3,211,O*,-4.93999
PdPt3,211,O*,-1.17883
PtCd3,211,O*,-1.93338
PbAg3,211,O*,-1.18607
PtRe3,211,O*,-4.6756
NiCo3,211,O*,-2.72348
SbNi3,211,O*,-1.73957
Pt,111,O*,-1.49
NiNi3,211,O*,-2.55024
AlPt3,211,O*,-1.78313
LiCoO2,10-14,O*,3.04838767
RhPt3,211,O*,-2.05808
SbRh,211,O*,-1.72433
ZrPt3,211,O*,-2.39405
InCu3,211,O*,-1.74255
SbPt,211,O*,-1.28517
Ag,111,O*,2.21681270602
PtRu3,211,O*,-2.5295
InRh3,211,O*,-2.43307
AuCd3,211,O*,-1.8606
BiRh,211,O*,-2.72106
Au,111,O*,5.87163668519
RhCo3,211,O*,-2.82507
MoMo3,211,O*,-3.98826
Pt,110,O*,-1.73
YAu3,211,O*,-2.4701
HgPt3,211,O*,-0.73471
CuAu3,211,O*,-0.42912
PdAg3,211,O*,-0.61671
GeGe3,211,O*,-2.0588
Au,110,O*,0.47
CoRh3,211,O*,-2.93918
GeCo3,211,O*,-2.94644
ZnCo3,211,O*,-3.05251
FeCo3,211,O*,-3.05554
SbRh,211,O*,-1.12511
SnPd,211,O*,-1.33771
106-NiMnFeCoCr-HEO-Cr-site,100,O*,1.4361041999999884
43-MnNiCrFeCo-HEO-Co-site,100,O*,3.263426420000002
1-CrMnFeCoNi-HEO-Fe-site,100,O*,3.784398130000028
9-CrFeCoMnNi-HEO-Cr-site,100,O*,2.190196130000004
94-CoNiMnFeCr-HEO-Fe-site,100,O*,3.8019914200000073
13-CrCoMnFeNi-HEO-Cr-site,100,O*,2.0345479199999943
99-NiCrFeMnCo-HEO-Co-site,100,O*,2.986374220000016
12-CrFeNiCoMn-HEO-Cr-site,100,O*,2.2608331600000326
46-MnNiFeCoCr-HEO-Fe-site,100,O*,2.9263692000000106
110-NiFeCrCoMn-HEO-Cr-site,100,O*,2.2374043600000277
58-FeMnCoNiCr-HEO-Co-site,100,O*,2.902822380000032
37-MnCoCrFeNi-HEO-Co-site,100,O*,3.1522206600000118
33-MnFeCoCrNi-HEO-Cr-site,100,O*,2.1714502200000254
56-FeMnCrNiCo-HEO-Fe-site,100,O*,3.4213025900000105
108-NiMnCoFeCr-HEO-Fe-site,100,O*,2.3476607599999966
118-NiCoMnFeCr-HEO-Cr-site,100,O*,0.976477420000009
10-CrFeCoNiMn-HEO-Fe-site,100,O*,3.9216149000000087
Mn3O4-spinel,100,O*,3.671863739999992
22-CrNiFeCoMn-HEO-Cr-site,100,O*,2.0994796700000222
25-MnCrFeCoNi-HEO-Co-site,100,O*,3.3809542099999987
53-FeCrNiMnCo-HEO-Cr-site,100,O*,2.4736012500000015
106-NiMnFeCoCr-HEO-Co-site,100,O*,3.0966711199999963
110-NiFeCrCoMn-HEO-Fe-site,100,O*,4.300662540000019
74-CoCrMnNiFe-HEO-Cr-site,100,O*,1.7402713099999971
105-NiMnFeCrCo-HEO-Fe-site,100,O*,3.7301406200000145
77-CoCrNiMnFe-HEO-Fe-site,100,O*,4.455467650000003
78-CoCrNiFeMn-HEO-Fe-site,100,O*,3.7645312299999887
90-CoFeNiMnCr-HEO-Fe-site,100,O*,3.6143591700000286
104-NiMnCrCoFe-HEO-Cr-site,100,O*,1.5602003999999852
Fe3O4-spinel,100,O*,3.4681273700000474
32-MnFeCrNiCo-HEO-Co-site,100,O*,2.726483250000001
49-FeCrMnCoNi-HEO-Co-site,100,O*,3.464290610000006
Os3Rh,111,O*,-0.10898390536402758
67-FeNiCrMnCo-HEO-Co-site,100,O*,3.3849690000000123
Os3Rh,111,O*,-0.5909513921616849
111-NiFeMnCrCo-HEO-Cr-site,100,O*,1.8387878599999965
23-CrNiCoMnFe-HEO-Co-site,100,O*,3.5206293000000244
71-FeNiCoCrMn-HEO-Fe-site,100,O*,4.101265920000003
85-CoFeCrMnNi-HEO-Co-site,100,O*,2.6192503899999906
113-NiFeCoCrMn-HEO-Fe-site,100,O*,3.1513928200000123
118-NiCoMnFeCr-HEO-Co-site,100,O*,3.3546030500000086
92-CoNiCrFeMn-HEO-Cr-site,100,O*,2.3271433200000047
89-CoFeNiCrMn-HEO-Fe-site,100,O*,4.018999720000011
14-CrCoMnNiFe-HEO-Fe-site,100,O*,3.3515093000000036
CuTc,101,O*,0.3076866005392844
96-CoNiFeMnCr-HEO-Co-site,100,O*,3.4311468500000046
CuTc,101,O*,-0.7163988650610804
23-CrNiCoMnFe-HEO-Cr-site,100,O*,2.1283117099999913
23-CrNiCoMnFe-HEO-Fe-site,100,O*,3.8935527099999945
84-CoMnNiFeCr-HEO-Fe-site,100,O*,3.700773929999997
Rh3Pd,111,O*,1.365077167138054
PdRh,101,O*,0.5684081211364287
MnRh,101,O*,1.4080946915381105
MnRh,101,O*,0.7146242745400855
AgBi,101,O*,1.280299284440673
AgBi,101,O*,2.1442857566397038
Rh3Hg,111,O*,-3.987142578564999
Au3Al,111,O*,0.3029557653370034
Au3Al,111,O*,0.1628412205371319
Ir3Zn,111,O*,-4.134269088765905
AlFe,101,O*,-0.6493082456619845
Fe3Cd,111,O*,-5.113955644160342
Cu3Ga,111,O*,-3.387618648147509
Ag3Nb,111,O*,2.644934946834667
AlFe,101,O*,-0.7195344327630551
Hf,111,O*,-3.730901956562036
Cr3Nb,111,O*,-1.0027944624636689
Hf,111,O*,-3.3250565473610436
Hf,111,O*,-0.7492420529599144
Ni3Au,111,O*,-4.658751369756828
GaRh,101,O*,0.8296201270384813
